Copyright 1986-2022 Xilinx, Inc. All Rights Reserved. Copyright 2022-2024 Advanced Micro Devices, Inc. All Rights Reserved.
------------------------------------------------------------------------------------------------------------------------------------------------------------------------------------------------------
| Tool Version : Vivado v.2024.2 (win64) Build 5239630 Fri Nov 08 22:35:27 MST 2024
| Date         : Wed Mar  5 21:55:49 2025
| Host         : my_laptop running 64-bit major release  (build 9200)
| Command      : report_timing_summary -max_paths 10 -report_unconstrained -file top_timing_summary_routed.rpt -pb top_timing_summary_routed.pb -rpx top_timing_summary_routed.rpx -warn_on_violation
| Design       : top
| Device       : 7a100t-csg324
| Speed File   : -1  PRODUCTION 1.23 2018-06-13
| Design State : Routed
------------------------------------------------------------------------------------------------------------------------------------------------------------------------------------------------------

Timing Summary Report

------------------------------------------------------------------------------------------------
| Timer Settings
| --------------
------------------------------------------------------------------------------------------------

  Enable Multi Corner Analysis               :  Yes
  Enable Pessimism Removal                   :  Yes
  Pessimism Removal Resolution               :  Nearest Common Node
  Enable Input Delay Default Clock           :  No
  Enable Preset / Clear Arcs                 :  No
  Disable Flight Delays                      :  No
  Ignore I/O Paths                           :  No
  Timing Early Launch at Borrowing Latches   :  No
  Borrow Time for Max Delay Exceptions       :  Yes
  Merge Timing Exceptions                    :  Yes
  Inter-SLR Compensation                     :  Conservative

  Corner  Analyze    Analyze    
  Name    Max Paths  Min Paths  
  ------  ---------  ---------  
  Slow    Yes        Yes        
  Fast    Yes        Yes        


------------------------------------------------------------------------------------------------
| Report Methodology
| ------------------
------------------------------------------------------------------------------------------------

Rule       Severity          Description                    Violations  
---------  ----------------  -----------------------------  ----------  
TIMING-17  Critical Warning  Non-clocked sequential cell    48          
TIMING-18  Warning           Missing input or output delay  4           

Note: This report is based on the most recent report_methodology run and may not be up-to-date. Run report_methodology on the current design for the latest report.



check_timing report

Table of Contents
-----------------
1. checking no_clock (48)
2. checking constant_clock (0)
3. checking pulse_width_clock (0)
4. checking unconstrained_internal_endpoints (71)
5. checking no_input_delay (4)
6. checking no_output_delay (20)
7. checking multiple_clock (0)
8. checking generated_clocks (0)
9. checking loops (0)
10. checking partial_input_delay (0)
11. checking partial_output_delay (0)
12. checking latch_loops (0)

1. checking no_clock (48)
-------------------------
 There are 18 register/latch pins with no clock driven by root clock pin: clkgen_200kHz_inst/clk_2ms_reg_reg/Q (HIGH)

 There are 30 register/latch pins with no clock driven by root clock pin: clkgen_200kHz_inst/clk_reg_reg/Q (HIGH)


2. checking constant_clock (0)
------------------------------
 There are 0 register/latch pins with constant_clock.


3. checking pulse_width_clock (0)
---------------------------------
 There are 0 register/latch pins which need pulse_width check


4. checking unconstrained_internal_endpoints (71)
-------------------------------------------------
 There are 71 pins that are not constrained for maximum delay. (HIGH)

 There are 0 pins that are not constrained for maximum delay due to constant clock.


5. checking no_input_delay (4)
------------------------------
 There are 4 input ports with no input delay specified. (HIGH)

 There are 0 input ports with no input delay but user has a false path constraint.


6. checking no_output_delay (20)
--------------------------------
 There are 20 ports with no output delay specified. (HIGH)

 There are 0 ports with no output delay but user has a false path constraint

 There are 0 ports with no output delay but with a timing clock defined on it or propagating through it


7. checking multiple_clock (0)
------------------------------
 There are 0 register/latch pins with multiple clocks.


8. checking generated_clocks (0)
--------------------------------
 There are 0 generated clocks that are not connected to a clock source.


9. checking loops (0)
---------------------
 There are 0 combinational loops in the design.


10. checking partial_input_delay (0)
------------------------------------
 There are 0 input ports with partial input delay specified.


11. checking partial_output_delay (0)
-------------------------------------
 There are 0 ports with partial output delay specified.


12. checking latch_loops (0)
----------------------------
 There are 0 combinational latch loops in the design through latch input



------------------------------------------------------------------------------------------------
| Design Timing Summary
| ---------------------
------------------------------------------------------------------------------------------------

    WNS(ns)      TNS(ns)  TNS Failing Endpoints  TNS Total Endpoints      WHS(ns)      THS(ns)  THS Failing Endpoints  THS Total Endpoints     WPWS(ns)     TPWS(ns)  TPWS Failing Endpoints  TPWS Total Endpoints  
    -------      -------  ---------------------  -------------------      -------      -------  ---------------------  -------------------     --------     --------  ----------------------  --------------------  
      6.812        0.000                      0                   71        0.223        0.000                      0                   71        4.500        0.000                       0                    40  


All user specified timing constraints are met.


------------------------------------------------------------------------------------------------
| Clock Summary
| -------------
------------------------------------------------------------------------------------------------

Clock        Waveform(ns)       Period(ns)      Frequency(MHz)
-----        ------------       ----------      --------------
sys_clk_pin  {0.000 5.000}      10.000          100.000         


------------------------------------------------------------------------------------------------
| Intra Clock Table
| -----------------
------------------------------------------------------------------------------------------------

Clock             WNS(ns)      TNS(ns)  TNS Failing Endpoints  TNS Total Endpoints      WHS(ns)      THS(ns)  THS Failing Endpoints  THS Total Endpoints     WPWS(ns)     TPWS(ns)  TPWS Failing Endpoints  TPWS Total Endpoints  
-----             -------      -------  ---------------------  -------------------      -------      -------  ---------------------  -------------------     --------     --------  ----------------------  --------------------  
sys_clk_pin         6.812        0.000                      0                   71        0.223        0.000                      0                   71        4.500        0.000                       0                    40  


------------------------------------------------------------------------------------------------
| Inter Clock Table
| -----------------
------------------------------------------------------------------------------------------------

From Clock    To Clock          WNS(ns)      TNS(ns)  TNS Failing Endpoints  TNS Total Endpoints      WHS(ns)      THS(ns)  THS Failing Endpoints  THS Total Endpoints  
----------    --------          -------      -------  ---------------------  -------------------      -------      -------  ---------------------  -------------------  


------------------------------------------------------------------------------------------------
| Other Path Groups Table
| -----------------------
------------------------------------------------------------------------------------------------

Path Group    From Clock    To Clock          WNS(ns)      TNS(ns)  TNS Failing Endpoints  TNS Total Endpoints      WHS(ns)      THS(ns)  THS Failing Endpoints  THS Total Endpoints  
----------    ----------    --------          -------      -------  ---------------------  -------------------      -------      -------  ---------------------  -------------------  


------------------------------------------------------------------------------------------------
| User Ignored Path Table
| -----------------------
------------------------------------------------------------------------------------------------

Path Group    From Clock    To Clock    
----------    ----------    --------    


------------------------------------------------------------------------------------------------
| Unconstrained Path Table
| ------------------------
------------------------------------------------------------------------------------------------

Path Group    From Clock    To Clock    
----------    ----------    --------    
(none)                                    
(none)        sys_clk_pin                 
(none)                      sys_clk_pin   


------------------------------------------------------------------------------------------------
| Timing Details
| --------------
------------------------------------------------------------------------------------------------


---------------------------------------------------------------------------------------------------
From Clock:  sys_clk_pin
  To Clock:  sys_clk_pin

Setup :            0  Failing Endpoints,  Worst Slack        6.812ns,  Total Violation        0.000ns
Hold  :            0  Failing Endpoints,  Worst Slack        0.223ns,  Total Violation        0.000ns
PW    :            0  Failing Endpoints,  Worst Slack        4.500ns,  Total Violation        0.000ns
---------------------------------------------------------------------------------------------------


Max Delay Paths
--------------------------------------------------------------------------------------
Slack (MET) :             6.812ns  (required time - arrival time)
  Source:                 clkgen_200kHz_inst/clk_reg_reg/C
                            (rising edge-triggered cell FDRE clocked by sys_clk_pin  {rise@0.000ns fall@5.000ns period=10.000ns})
  Destination:            clkgen_200kHz_inst/clk_reg_reg/D
                            (rising edge-triggered cell FDRE clocked by sys_clk_pin  {rise@0.000ns fall@5.000ns period=10.000ns})
  Path Group:             sys_clk_pin
  Path Type:              Setup (Max at Slow Process Corner)
  Requirement:            10.000ns  (sys_clk_pin rise@10.000ns - sys_clk_pin rise@0.000ns)
  Data Path Delay:        3.182ns  (logic 0.676ns (21.244%)  route 2.506ns (78.756%))
  Logic Levels:           2  (BUFG=1 LUT6=1)
  Clock Path Skew:        0.000ns (DCD - SCD + CPR)
    Destination Clock Delay (DCD):    4.927ns = ( 14.927 - 10.000 ) 
    Source Clock Delay      (SCD):    5.228ns
    Clock Pessimism Removal (CPR):    0.301ns
  Clock Uncertainty:      0.035ns  ((TSJ^2 + TIJ^2)^1/2 + DJ) / 2 + PE
    Total System Jitter     (TSJ):    0.071ns
    Total Input Jitter      (TIJ):    0.000ns
    Discrete Jitter          (DJ):    0.000ns
    Phase Error              (PE):    0.000ns

    Location             Delay type                Incr(ns)  Path(ns)    Netlist Resource(s)
  -------------------------------------------------------------------    -------------------
                         (clock sys_clk_pin rise edge)
                                                      0.000     0.000 r  
    E3                                                0.000     0.000 r  CLK100MHZ (IN)
                         net (fo=0)                   0.000     0.000    CLK100MHZ
    E3                   IBUF (Prop_ibuf_I_O)         1.482     1.482 r  CLK100MHZ_IBUF_inst/O
                         net (fo=1, routed)           2.025     3.506    CLK100MHZ_IBUF
    BUFGCTRL_X0Y16       BUFG (Prop_bufg_I_O)         0.096     3.602 r  CLK100MHZ_IBUF_BUFG_inst/O
                         net (fo=39, routed)          1.625     5.228    clkgen_200kHz_inst/CLK
    SLICE_X52Y96         FDRE                                         r  clkgen_200kHz_inst/clk_reg_reg/C
  -------------------------------------------------------------------    -------------------
    SLICE_X52Y96         FDRE (Prop_fdre_C_Q)         0.456     5.684 r  clkgen_200kHz_inst/clk_reg_reg/Q
                         net (fo=1, routed)           0.725     6.408    clkgen_200kHz_inst/w_200kHz
    BUFGCTRL_X0Y0        BUFG (Prop_bufg_I_O)         0.096     6.504 r  clkgen_200kHz_inst/w_200kHz_BUFG_inst/O
                         net (fo=31, routed)          1.782     8.286    clkgen_200kHz_inst/w_200kHz_BUFG
    SLICE_X52Y96         LUT6 (Prop_lut6_I5_O)        0.124     8.410 r  clkgen_200kHz_inst/clk_reg_i_1__0/O
                         net (fo=1, routed)           0.000     8.410    clkgen_200kHz_inst/clk_reg_i_1__0_n_0
    SLICE_X52Y96         FDRE                                         r  clkgen_200kHz_inst/clk_reg_reg/D
  -------------------------------------------------------------------    -------------------

                         (clock sys_clk_pin rise edge)
                                                     10.000    10.000 r  
    E3                                                0.000    10.000 r  CLK100MHZ (IN)
                         net (fo=0)                   0.000    10.000    CLK100MHZ
    E3                   IBUF (Prop_ibuf_I_O)         1.411    11.411 r  CLK100MHZ_IBUF_inst/O
                         net (fo=1, routed)           1.920    13.331    CLK100MHZ_IBUF
    BUFGCTRL_X0Y16       BUFG (Prop_bufg_I_O)         0.091    13.422 r  CLK100MHZ_IBUF_BUFG_inst/O
                         net (fo=39, routed)          1.504    14.927    clkgen_200kHz_inst/CLK
    SLICE_X52Y96         FDRE                                         r  clkgen_200kHz_inst/clk_reg_reg/C
                         clock pessimism              0.301    15.228    
                         clock uncertainty           -0.035    15.192    
    SLICE_X52Y96         FDRE (Setup_fdre_C_D)        0.029    15.221    clkgen_200kHz_inst/clk_reg_reg
  -------------------------------------------------------------------
                         required time                         15.221    
                         arrival time                          -8.410    
  -------------------------------------------------------------------
                         slack                                  6.812    

Slack (MET) :             6.838ns  (required time - arrival time)
  Source:                 clkgen_200kHz_inst/counter_2ms_reg[4]/C
                            (rising edge-triggered cell FDRE clocked by sys_clk_pin  {rise@0.000ns fall@5.000ns period=10.000ns})
  Destination:            clkgen_200kHz_inst/counter_2ms_reg[13]/R
                            (rising edge-triggered cell FDRE clocked by sys_clk_pin  {rise@0.000ns fall@5.000ns period=10.000ns})
  Path Group:             sys_clk_pin
  Path Type:              Setup (Max at Slow Process Corner)
  Requirement:            10.000ns  (sys_clk_pin rise@10.000ns - sys_clk_pin rise@0.000ns)
  Data Path Delay:        2.675ns  (logic 0.704ns (26.314%)  route 1.971ns (73.686%))
  Logic Levels:           2  (LUT6=2)
  Clock Path Skew:        -0.022ns (DCD - SCD + CPR)
    Destination Clock Delay (DCD):    5.024ns = ( 15.024 - 10.000 ) 
    Source Clock Delay      (SCD):    5.322ns
    Clock Pessimism Removal (CPR):    0.276ns
  Clock Uncertainty:      0.035ns  ((TSJ^2 + TIJ^2)^1/2 + DJ) / 2 + PE
    Total System Jitter     (TSJ):    0.071ns
    Total Input Jitter      (TIJ):    0.000ns
    Discrete Jitter          (DJ):    0.000ns
    Phase Error              (PE):    0.000ns

    Location             Delay type                Incr(ns)  Path(ns)    Netlist Resource(s)
  -------------------------------------------------------------------    -------------------
                         (clock sys_clk_pin rise edge)
                                                      0.000     0.000 r  
    E3                                                0.000     0.000 r  CLK100MHZ (IN)
                         net (fo=0)                   0.000     0.000    CLK100MHZ
    E3                   IBUF (Prop_ibuf_I_O)         1.482     1.482 r  CLK100MHZ_IBUF_inst/O
                         net (fo=1, routed)           2.025     3.506    CLK100MHZ_IBUF
    BUFGCTRL_X0Y16       BUFG (Prop_bufg_I_O)         0.096     3.602 r  CLK100MHZ_IBUF_BUFG_inst/O
                         net (fo=39, routed)          1.719     5.322    clkgen_200kHz_inst/CLK
    SLICE_X4Y86          FDRE                                         r  clkgen_200kHz_inst/counter_2ms_reg[4]/C
  -------------------------------------------------------------------    -------------------
    SLICE_X4Y86          FDRE (Prop_fdre_C_Q)         0.456     5.778 r  clkgen_200kHz_inst/counter_2ms_reg[4]/Q
                         net (fo=2, routed)           0.811     6.589    clkgen_200kHz_inst/counter_2ms[4]
    SLICE_X5Y87          LUT6 (Prop_lut6_I3_O)        0.124     6.713 r  clkgen_200kHz_inst/counter_2ms[16]_i_2/O
                         net (fo=1, routed)           0.433     7.146    clkgen_200kHz_inst/counter_2ms[16]_i_2_n_0
    SLICE_X5Y87          LUT6 (Prop_lut6_I0_O)        0.124     7.270 r  clkgen_200kHz_inst/counter_2ms[16]_i_1/O
                         net (fo=18, routed)          0.727     7.997    clkgen_200kHz_inst/clk_2ms_reg
    SLICE_X4Y89          FDRE                                         r  clkgen_200kHz_inst/counter_2ms_reg[13]/R
  -------------------------------------------------------------------    -------------------

                         (clock sys_clk_pin rise edge)
                                                     10.000    10.000 r  
    E3                                                0.000    10.000 r  CLK100MHZ (IN)
                         net (fo=0)                   0.000    10.000    CLK100MHZ
    E3                   IBUF (Prop_ibuf_I_O)         1.411    11.411 r  CLK100MHZ_IBUF_inst/O
                         net (fo=1, routed)           1.920    13.331    CLK100MHZ_IBUF
    BUFGCTRL_X0Y16       BUFG (Prop_bufg_I_O)         0.091    13.422 r  CLK100MHZ_IBUF_BUFG_inst/O
                         net (fo=39, routed)          1.601    15.024    clkgen_200kHz_inst/CLK
    SLICE_X4Y89          FDRE                                         r  clkgen_200kHz_inst/counter_2ms_reg[13]/C
                         clock pessimism              0.276    15.300    
                         clock uncertainty           -0.035    15.264    
    SLICE_X4Y89          FDRE (Setup_fdre_C_R)       -0.429    14.835    clkgen_200kHz_inst/counter_2ms_reg[13]
  -------------------------------------------------------------------
                         required time                         14.835    
                         arrival time                          -7.997    
  -------------------------------------------------------------------
                         slack                                  6.838    

Slack (MET) :             6.838ns  (required time - arrival time)
  Source:                 clkgen_200kHz_inst/counter_2ms_reg[4]/C
                            (rising edge-triggered cell FDRE clocked by sys_clk_pin  {rise@0.000ns fall@5.000ns period=10.000ns})
  Destination:            clkgen_200kHz_inst/counter_2ms_reg[14]/R
                            (rising edge-triggered cell FDRE clocked by sys_clk_pin  {rise@0.000ns fall@5.000ns period=10.000ns})
  Path Group:             sys_clk_pin
  Path Type:              Setup (Max at Slow Process Corner)
  Requirement:            10.000ns  (sys_clk_pin rise@10.000ns - sys_clk_pin rise@0.000ns)
  Data Path Delay:        2.675ns  (logic 0.704ns (26.314%)  route 1.971ns (73.686%))
  Logic Levels:           2  (LUT6=2)
  Clock Path Skew:        -0.022ns (DCD - SCD + CPR)
    Destination Clock Delay (DCD):    5.024ns = ( 15.024 - 10.000 ) 
    Source Clock Delay      (SCD):    5.322ns
    Clock Pessimism Removal (CPR):    0.276ns
  Clock Uncertainty:      0.035ns  ((TSJ^2 + TIJ^2)^1/2 + DJ) / 2 + PE
    Total System Jitter     (TSJ):    0.071ns
    Total Input Jitter      (TIJ):    0.000ns
    Discrete Jitter          (DJ):    0.000ns
    Phase Error              (PE):    0.000ns

    Location             Delay type                Incr(ns)  Path(ns)    Netlist Resource(s)
  -------------------------------------------------------------------    -------------------
                         (clock sys_clk_pin rise edge)
                                                      0.000     0.000 r  
    E3                                                0.000     0.000 r  CLK100MHZ (IN)
                         net (fo=0)                   0.000     0.000    CLK100MHZ
    E3                   IBUF (Prop_ibuf_I_O)         1.482     1.482 r  CLK100MHZ_IBUF_inst/O
                         net (fo=1, routed)           2.025     3.506    CLK100MHZ_IBUF
    BUFGCTRL_X0Y16       BUFG (Prop_bufg_I_O)         0.096     3.602 r  CLK100MHZ_IBUF_BUFG_inst/O
                         net (fo=39, routed)          1.719     5.322    clkgen_200kHz_inst/CLK
    SLICE_X4Y86          FDRE                                         r  clkgen_200kHz_inst/counter_2ms_reg[4]/C
  -------------------------------------------------------------------    -------------------
    SLICE_X4Y86          FDRE (Prop_fdre_C_Q)         0.456     5.778 r  clkgen_200kHz_inst/counter_2ms_reg[4]/Q
                         net (fo=2, routed)           0.811     6.589    clkgen_200kHz_inst/counter_2ms[4]
    SLICE_X5Y87          LUT6 (Prop_lut6_I3_O)        0.124     6.713 r  clkgen_200kHz_inst/counter_2ms[16]_i_2/O
                         net (fo=1, routed)           0.433     7.146    clkgen_200kHz_inst/counter_2ms[16]_i_2_n_0
    SLICE_X5Y87          LUT6 (Prop_lut6_I0_O)        0.124     7.270 r  clkgen_200kHz_inst/counter_2ms[16]_i_1/O
                         net (fo=18, routed)          0.727     7.997    clkgen_200kHz_inst/clk_2ms_reg
    SLICE_X4Y89          FDRE                                         r  clkgen_200kHz_inst/counter_2ms_reg[14]/R
  -------------------------------------------------------------------    -------------------

                         (clock sys_clk_pin rise edge)
                                                     10.000    10.000 r  
    E3                                                0.000    10.000 r  CLK100MHZ (IN)
                         net (fo=0)                   0.000    10.000    CLK100MHZ
    E3                   IBUF (Prop_ibuf_I_O)         1.411    11.411 r  CLK100MHZ_IBUF_inst/O
                         net (fo=1, routed)           1.920    13.331    CLK100MHZ_IBUF
    BUFGCTRL_X0Y16       BUFG (Prop_bufg_I_O)         0.091    13.422 r  CLK100MHZ_IBUF_BUFG_inst/O
                         net (fo=39, routed)          1.601    15.024    clkgen_200kHz_inst/CLK
    SLICE_X4Y89          FDRE                                         r  clkgen_200kHz_inst/counter_2ms_reg[14]/C
                         clock pessimism              0.276    15.300    
                         clock uncertainty           -0.035    15.264    
    SLICE_X4Y89          FDRE (Setup_fdre_C_R)       -0.429    14.835    clkgen_200kHz_inst/counter_2ms_reg[14]
  -------------------------------------------------------------------
                         required time                         14.835    
                         arrival time                          -7.997    
  -------------------------------------------------------------------
                         slack                                  6.838    

Slack (MET) :             6.838ns  (required time - arrival time)
  Source:                 clkgen_200kHz_inst/counter_2ms_reg[4]/C
                            (rising edge-triggered cell FDRE clocked by sys_clk_pin  {rise@0.000ns fall@5.000ns period=10.000ns})
  Destination:            clkgen_200kHz_inst/counter_2ms_reg[15]/R
                            (rising edge-triggered cell FDRE clocked by sys_clk_pin  {rise@0.000ns fall@5.000ns period=10.000ns})
  Path Group:             sys_clk_pin
  Path Type:              Setup (Max at Slow Process Corner)
  Requirement:            10.000ns  (sys_clk_pin rise@10.000ns - sys_clk_pin rise@0.000ns)
  Data Path Delay:        2.675ns  (logic 0.704ns (26.314%)  route 1.971ns (73.686%))
  Logic Levels:           2  (LUT6=2)
  Clock Path Skew:        -0.022ns (DCD - SCD + CPR)
    Destination Clock Delay (DCD):    5.024ns = ( 15.024 - 10.000 ) 
    Source Clock Delay      (SCD):    5.322ns
    Clock Pessimism Removal (CPR):    0.276ns
  Clock Uncertainty:      0.035ns  ((TSJ^2 + TIJ^2)^1/2 + DJ) / 2 + PE
    Total System Jitter     (TSJ):    0.071ns
    Total Input Jitter      (TIJ):    0.000ns
    Discrete Jitter          (DJ):    0.000ns
    Phase Error              (PE):    0.000ns

    Location             Delay type                Incr(ns)  Path(ns)    Netlist Resource(s)
  -------------------------------------------------------------------    -------------------
                         (clock sys_clk_pin rise edge)
                                                      0.000     0.000 r  
    E3                                                0.000     0.000 r  CLK100MHZ (IN)
                         net (fo=0)                   0.000     0.000    CLK100MHZ
    E3                   IBUF (Prop_ibuf_I_O)         1.482     1.482 r  CLK100MHZ_IBUF_inst/O
                         net (fo=1, routed)           2.025     3.506    CLK100MHZ_IBUF
    BUFGCTRL_X0Y16       BUFG (Prop_bufg_I_O)         0.096     3.602 r  CLK100MHZ_IBUF_BUFG_inst/O
                         net (fo=39, routed)          1.719     5.322    clkgen_200kHz_inst/CLK
    SLICE_X4Y86          FDRE                                         r  clkgen_200kHz_inst/counter_2ms_reg[4]/C
  -------------------------------------------------------------------    -------------------
    SLICE_X4Y86          FDRE (Prop_fdre_C_Q)         0.456     5.778 r  clkgen_200kHz_inst/counter_2ms_reg[4]/Q
                         net (fo=2, routed)           0.811     6.589    clkgen_200kHz_inst/counter_2ms[4]
    SLICE_X5Y87          LUT6 (Prop_lut6_I3_O)        0.124     6.713 r  clkgen_200kHz_inst/counter_2ms[16]_i_2/O
                         net (fo=1, routed)           0.433     7.146    clkgen_200kHz_inst/counter_2ms[16]_i_2_n_0
    SLICE_X5Y87          LUT6 (Prop_lut6_I0_O)        0.124     7.270 r  clkgen_200kHz_inst/counter_2ms[16]_i_1/O
                         net (fo=18, routed)          0.727     7.997    clkgen_200kHz_inst/clk_2ms_reg
    SLICE_X4Y89          FDRE                                         r  clkgen_200kHz_inst/counter_2ms_reg[15]/R
  -------------------------------------------------------------------    -------------------

                         (clock sys_clk_pin rise edge)
                                                     10.000    10.000 r  
    E3                                                0.000    10.000 r  CLK100MHZ (IN)
                         net (fo=0)                   0.000    10.000    CLK100MHZ
    E3                   IBUF (Prop_ibuf_I_O)         1.411    11.411 r  CLK100MHZ_IBUF_inst/O
                         net (fo=1, routed)           1.920    13.331    CLK100MHZ_IBUF
    BUFGCTRL_X0Y16       BUFG (Prop_bufg_I_O)         0.091    13.422 r  CLK100MHZ_IBUF_BUFG_inst/O
                         net (fo=39, routed)          1.601    15.024    clkgen_200kHz_inst/CLK
    SLICE_X4Y89          FDRE                                         r  clkgen_200kHz_inst/counter_2ms_reg[15]/C
                         clock pessimism              0.276    15.300    
                         clock uncertainty           -0.035    15.264    
    SLICE_X4Y89          FDRE (Setup_fdre_C_R)       -0.429    14.835    clkgen_200kHz_inst/counter_2ms_reg[15]
  -------------------------------------------------------------------
                         required time                         14.835    
                         arrival time                          -7.997    
  -------------------------------------------------------------------
                         slack                                  6.838    

Slack (MET) :             6.838ns  (required time - arrival time)
  Source:                 clkgen_200kHz_inst/counter_2ms_reg[4]/C
                            (rising edge-triggered cell FDRE clocked by sys_clk_pin  {rise@0.000ns fall@5.000ns period=10.000ns})
  Destination:            clkgen_200kHz_inst/counter_2ms_reg[16]/R
                            (rising edge-triggered cell FDRE clocked by sys_clk_pin  {rise@0.000ns fall@5.000ns period=10.000ns})
  Path Group:             sys_clk_pin
  Path Type:              Setup (Max at Slow Process Corner)
  Requirement:            10.000ns  (sys_clk_pin rise@10.000ns - sys_clk_pin rise@0.000ns)
  Data Path Delay:        2.675ns  (logic 0.704ns (26.314%)  route 1.971ns (73.686%))
  Logic Levels:           2  (LUT6=2)
  Clock Path Skew:        -0.022ns (DCD - SCD + CPR)
    Destination Clock Delay (DCD):    5.024ns = ( 15.024 - 10.000 ) 
    Source Clock Delay      (SCD):    5.322ns
    Clock Pessimism Removal (CPR):    0.276ns
  Clock Uncertainty:      0.035ns  ((TSJ^2 + TIJ^2)^1/2 + DJ) / 2 + PE
    Total System Jitter     (TSJ):    0.071ns
    Total Input Jitter      (TIJ):    0.000ns
    Discrete Jitter          (DJ):    0.000ns
    Phase Error              (PE):    0.000ns

    Location             Delay type                Incr(ns)  Path(ns)    Netlist Resource(s)
  -------------------------------------------------------------------    -------------------
                         (clock sys_clk_pin rise edge)
                                                      0.000     0.000 r  
    E3                                                0.000     0.000 r  CLK100MHZ (IN)
                         net (fo=0)                   0.000     0.000    CLK100MHZ
    E3                   IBUF (Prop_ibuf_I_O)         1.482     1.482 r  CLK100MHZ_IBUF_inst/O
                         net (fo=1, routed)           2.025     3.506    CLK100MHZ_IBUF
    BUFGCTRL_X0Y16       BUFG (Prop_bufg_I_O)         0.096     3.602 r  CLK100MHZ_IBUF_BUFG_inst/O
                         net (fo=39, routed)          1.719     5.322    clkgen_200kHz_inst/CLK
    SLICE_X4Y86          FDRE                                         r  clkgen_200kHz_inst/counter_2ms_reg[4]/C
  -------------------------------------------------------------------    -------------------
    SLICE_X4Y86          FDRE (Prop_fdre_C_Q)         0.456     5.778 r  clkgen_200kHz_inst/counter_2ms_reg[4]/Q
                         net (fo=2, routed)           0.811     6.589    clkgen_200kHz_inst/counter_2ms[4]
    SLICE_X5Y87          LUT6 (Prop_lut6_I3_O)        0.124     6.713 r  clkgen_200kHz_inst/counter_2ms[16]_i_2/O
                         net (fo=1, routed)           0.433     7.146    clkgen_200kHz_inst/counter_2ms[16]_i_2_n_0
    SLICE_X5Y87          LUT6 (Prop_lut6_I0_O)        0.124     7.270 r  clkgen_200kHz_inst/counter_2ms[16]_i_1/O
                         net (fo=18, routed)          0.727     7.997    clkgen_200kHz_inst/clk_2ms_reg
    SLICE_X4Y89          FDRE                                         r  clkgen_200kHz_inst/counter_2ms_reg[16]/R
  -------------------------------------------------------------------    -------------------

                         (clock sys_clk_pin rise edge)
                                                     10.000    10.000 r  
    E3                                                0.000    10.000 r  CLK100MHZ (IN)
                         net (fo=0)                   0.000    10.000    CLK100MHZ
    E3                   IBUF (Prop_ibuf_I_O)         1.411    11.411 r  CLK100MHZ_IBUF_inst/O
                         net (fo=1, routed)           1.920    13.331    CLK100MHZ_IBUF
    BUFGCTRL_X0Y16       BUFG (Prop_bufg_I_O)         0.091    13.422 r  CLK100MHZ_IBUF_BUFG_inst/O
                         net (fo=39, routed)          1.601    15.024    clkgen_200kHz_inst/CLK
    SLICE_X4Y89          FDRE                                         r  clkgen_200kHz_inst/counter_2ms_reg[16]/C
                         clock pessimism              0.276    15.300    
                         clock uncertainty           -0.035    15.264    
    SLICE_X4Y89          FDRE (Setup_fdre_C_R)       -0.429    14.835    clkgen_200kHz_inst/counter_2ms_reg[16]
  -------------------------------------------------------------------
                         required time                         14.835    
                         arrival time                          -7.997    
  -------------------------------------------------------------------
                         slack                                  6.838    

Slack (MET) :             6.879ns  (required time - arrival time)
  Source:                 clkgen_200kHz_inst/counter_2ms_reg[15]/C
                            (rising edge-triggered cell FDRE clocked by sys_clk_pin  {rise@0.000ns fall@5.000ns period=10.000ns})
  Destination:            clkgen_200kHz_inst/counter_2ms_reg[1]/R
                            (rising edge-triggered cell FDRE clocked by sys_clk_pin  {rise@0.000ns fall@5.000ns period=10.000ns})
  Path Group:             sys_clk_pin
  Path Type:              Setup (Max at Slow Process Corner)
  Requirement:            10.000ns  (sys_clk_pin rise@10.000ns - sys_clk_pin rise@0.000ns)
  Data Path Delay:        2.628ns  (logic 0.704ns (26.785%)  route 1.924ns (73.215%))
  Logic Levels:           2  (LUT6=2)
  Clock Path Skew:        -0.028ns (DCD - SCD + CPR)
    Destination Clock Delay (DCD):    5.021ns = ( 15.021 - 10.000 ) 
    Source Clock Delay      (SCD):    5.325ns
    Clock Pessimism Removal (CPR):    0.276ns
  Clock Uncertainty:      0.035ns  ((TSJ^2 + TIJ^2)^1/2 + DJ) / 2 + PE
    Total System Jitter     (TSJ):    0.071ns
    Total Input Jitter      (TIJ):    0.000ns
    Discrete Jitter          (DJ):    0.000ns
    Phase Error              (PE):    0.000ns

    Location             Delay type                Incr(ns)  Path(ns)    Netlist Resource(s)
  -------------------------------------------------------------------    -------------------
                         (clock sys_clk_pin rise edge)
                                                      0.000     0.000 r  
    E3                                                0.000     0.000 r  CLK100MHZ (IN)
                         net (fo=0)                   0.000     0.000    CLK100MHZ
    E3                   IBUF (Prop_ibuf_I_O)         1.482     1.482 r  CLK100MHZ_IBUF_inst/O
                         net (fo=1, routed)           2.025     3.506    CLK100MHZ_IBUF
    BUFGCTRL_X0Y16       BUFG (Prop_bufg_I_O)         0.096     3.602 r  CLK100MHZ_IBUF_BUFG_inst/O
                         net (fo=39, routed)          1.722     5.325    clkgen_200kHz_inst/CLK
    SLICE_X4Y89          FDRE                                         r  clkgen_200kHz_inst/counter_2ms_reg[15]/C
  -------------------------------------------------------------------    -------------------
    SLICE_X4Y89          FDRE (Prop_fdre_C_Q)         0.456     5.781 r  clkgen_200kHz_inst/counter_2ms_reg[15]/Q
                         net (fo=2, routed)           0.822     6.603    clkgen_200kHz_inst/counter_2ms[15]
    SLICE_X5Y87          LUT6 (Prop_lut6_I0_O)        0.124     6.727 r  clkgen_200kHz_inst/counter_2ms[16]_i_2/O
                         net (fo=1, routed)           0.433     7.160    clkgen_200kHz_inst/counter_2ms[16]_i_2_n_0
    SLICE_X5Y87          LUT6 (Prop_lut6_I0_O)        0.124     7.284 r  clkgen_200kHz_inst/counter_2ms[16]_i_1/O
                         net (fo=18, routed)          0.669     7.953    clkgen_200kHz_inst/clk_2ms_reg
    SLICE_X4Y86          FDRE                                         r  clkgen_200kHz_inst/counter_2ms_reg[1]/R
  -------------------------------------------------------------------    -------------------

                         (clock sys_clk_pin rise edge)
                                                     10.000    10.000 r  
    E3                                                0.000    10.000 r  CLK100MHZ (IN)
                         net (fo=0)                   0.000    10.000    CLK100MHZ
    E3                   IBUF (Prop_ibuf_I_O)         1.411    11.411 r  CLK100MHZ_IBUF_inst/O
                         net (fo=1, routed)           1.920    13.331    CLK100MHZ_IBUF
    BUFGCTRL_X0Y16       BUFG (Prop_bufg_I_O)         0.091    13.422 r  CLK100MHZ_IBUF_BUFG_inst/O
                         net (fo=39, routed)          1.598    15.021    clkgen_200kHz_inst/CLK
    SLICE_X4Y86          FDRE                                         r  clkgen_200kHz_inst/counter_2ms_reg[1]/C
                         clock pessimism              0.276    15.297    
                         clock uncertainty           -0.035    15.261    
    SLICE_X4Y86          FDRE (Setup_fdre_C_R)       -0.429    14.832    clkgen_200kHz_inst/counter_2ms_reg[1]
  -------------------------------------------------------------------
                         required time                         14.832    
                         arrival time                          -7.953    
  -------------------------------------------------------------------
                         slack                                  6.879    

Slack (MET) :             6.879ns  (required time - arrival time)
  Source:                 clkgen_200kHz_inst/counter_2ms_reg[15]/C
                            (rising edge-triggered cell FDRE clocked by sys_clk_pin  {rise@0.000ns fall@5.000ns period=10.000ns})
  Destination:            clkgen_200kHz_inst/counter_2ms_reg[2]/R
                            (rising edge-triggered cell FDRE clocked by sys_clk_pin  {rise@0.000ns fall@5.000ns period=10.000ns})
  Path Group:             sys_clk_pin
  Path Type:              Setup (Max at Slow Process Corner)
  Requirement:            10.000ns  (sys_clk_pin rise@10.000ns - sys_clk_pin rise@0.000ns)
  Data Path Delay:        2.628ns  (logic 0.704ns (26.785%)  route 1.924ns (73.215%))
  Logic Levels:           2  (LUT6=2)
  Clock Path Skew:        -0.028ns (DCD - SCD + CPR)
    Destination Clock Delay (DCD):    5.021ns = ( 15.021 - 10.000 ) 
    Source Clock Delay      (SCD):    5.325ns
    Clock Pessimism Removal (CPR):    0.276ns
  Clock Uncertainty:      0.035ns  ((TSJ^2 + TIJ^2)^1/2 + DJ) / 2 + PE
    Total System Jitter     (TSJ):    0.071ns
    Total Input Jitter      (TIJ):    0.000ns
    Discrete Jitter          (DJ):    0.000ns
    Phase Error              (PE):    0.000ns

    Location             Delay type                Incr(ns)  Path(ns)    Netlist Resource(s)
  -------------------------------------------------------------------    -------------------
                         (clock sys_clk_pin rise edge)
                                                      0.000     0.000 r  
    E3                                                0.000     0.000 r  CLK100MHZ (IN)
                         net (fo=0)                   0.000     0.000    CLK100MHZ
    E3                   IBUF (Prop_ibuf_I_O)         1.482     1.482 r  CLK100MHZ_IBUF_inst/O
                         net (fo=1, routed)           2.025     3.506    CLK100MHZ_IBUF
    BUFGCTRL_X0Y16       BUFG (Prop_bufg_I_O)         0.096     3.602 r  CLK100MHZ_IBUF_BUFG_inst/O
                         net (fo=39, routed)          1.722     5.325    clkgen_200kHz_inst/CLK
    SLICE_X4Y89          FDRE                                         r  clkgen_200kHz_inst/counter_2ms_reg[15]/C
  -------------------------------------------------------------------    -------------------
    SLICE_X4Y89          FDRE (Prop_fdre_C_Q)         0.456     5.781 r  clkgen_200kHz_inst/counter_2ms_reg[15]/Q
                         net (fo=2, routed)           0.822     6.603    clkgen_200kHz_inst/counter_2ms[15]
    SLICE_X5Y87          LUT6 (Prop_lut6_I0_O)        0.124     6.727 r  clkgen_200kHz_inst/counter_2ms[16]_i_2/O
                         net (fo=1, routed)           0.433     7.160    clkgen_200kHz_inst/counter_2ms[16]_i_2_n_0
    SLICE_X5Y87          LUT6 (Prop_lut6_I0_O)        0.124     7.284 r  clkgen_200kHz_inst/counter_2ms[16]_i_1/O
                         net (fo=18, routed)          0.669     7.953    clkgen_200kHz_inst/clk_2ms_reg
    SLICE_X4Y86          FDRE                                         r  clkgen_200kHz_inst/counter_2ms_reg[2]/R
  -------------------------------------------------------------------    -------------------

                         (clock sys_clk_pin rise edge)
                                                     10.000    10.000 r  
    E3                                                0.000    10.000 r  CLK100MHZ (IN)
                         net (fo=0)                   0.000    10.000    CLK100MHZ
    E3                   IBUF (Prop_ibuf_I_O)         1.411    11.411 r  CLK100MHZ_IBUF_inst/O
                         net (fo=1, routed)           1.920    13.331    CLK100MHZ_IBUF
    BUFGCTRL_X0Y16       BUFG (Prop_bufg_I_O)         0.091    13.422 r  CLK100MHZ_IBUF_BUFG_inst/O
                         net (fo=39, routed)          1.598    15.021    clkgen_200kHz_inst/CLK
    SLICE_X4Y86          FDRE                                         r  clkgen_200kHz_inst/counter_2ms_reg[2]/C
                         clock pessimism              0.276    15.297    
                         clock uncertainty           -0.035    15.261    
    SLICE_X4Y86          FDRE (Setup_fdre_C_R)       -0.429    14.832    clkgen_200kHz_inst/counter_2ms_reg[2]
  -------------------------------------------------------------------
                         required time                         14.832    
                         arrival time                          -7.953    
  -------------------------------------------------------------------
                         slack                                  6.879    

Slack (MET) :             6.879ns  (required time - arrival time)
  Source:                 clkgen_200kHz_inst/counter_2ms_reg[15]/C
                            (rising edge-triggered cell FDRE clocked by sys_clk_pin  {rise@0.000ns fall@5.000ns period=10.000ns})
  Destination:            clkgen_200kHz_inst/counter_2ms_reg[3]/R
                            (rising edge-triggered cell FDRE clocked by sys_clk_pin  {rise@0.000ns fall@5.000ns period=10.000ns})
  Path Group:             sys_clk_pin
  Path Type:              Setup (Max at Slow Process Corner)
  Requirement:            10.000ns  (sys_clk_pin rise@10.000ns - sys_clk_pin rise@0.000ns)
  Data Path Delay:        2.628ns  (logic 0.704ns (26.785%)  route 1.924ns (73.215%))
  Logic Levels:           2  (LUT6=2)
  Clock Path Skew:        -0.028ns (DCD - SCD + CPR)
    Destination Clock Delay (DCD):    5.021ns = ( 15.021 - 10.000 ) 
    Source Clock Delay      (SCD):    5.325ns
    Clock Pessimism Removal (CPR):    0.276ns
  Clock Uncertainty:      0.035ns  ((TSJ^2 + TIJ^2)^1/2 + DJ) / 2 + PE
    Total System Jitter     (TSJ):    0.071ns
    Total Input Jitter      (TIJ):    0.000ns
    Discrete Jitter          (DJ):    0.000ns
    Phase Error              (PE):    0.000ns

    Location             Delay type                Incr(ns)  Path(ns)    Netlist Resource(s)
  -------------------------------------------------------------------    -------------------
                         (clock sys_clk_pin rise edge)
                                                      0.000     0.000 r  
    E3                                                0.000     0.000 r  CLK100MHZ (IN)
                         net (fo=0)                   0.000     0.000    CLK100MHZ
    E3                   IBUF (Prop_ibuf_I_O)         1.482     1.482 r  CLK100MHZ_IBUF_inst/O
                         net (fo=1, routed)           2.025     3.506    CLK100MHZ_IBUF
    BUFGCTRL_X0Y16       BUFG (Prop_bufg_I_O)         0.096     3.602 r  CLK100MHZ_IBUF_BUFG_inst/O
                         net (fo=39, routed)          1.722     5.325    clkgen_200kHz_inst/CLK
    SLICE_X4Y89          FDRE                                         r  clkgen_200kHz_inst/counter_2ms_reg[15]/C
  -------------------------------------------------------------------    -------------------
    SLICE_X4Y89          FDRE (Prop_fdre_C_Q)         0.456     5.781 r  clkgen_200kHz_inst/counter_2ms_reg[15]/Q
                         net (fo=2, routed)           0.822     6.603    clkgen_200kHz_inst/counter_2ms[15]
    SLICE_X5Y87          LUT6 (Prop_lut6_I0_O)        0.124     6.727 r  clkgen_200kHz_inst/counter_2ms[16]_i_2/O
                         net (fo=1, routed)           0.433     7.160    clkgen_200kHz_inst/counter_2ms[16]_i_2_n_0
    SLICE_X5Y87          LUT6 (Prop_lut6_I0_O)        0.124     7.284 r  clkgen_200kHz_inst/counter_2ms[16]_i_1/O
                         net (fo=18, routed)          0.669     7.953    clkgen_200kHz_inst/clk_2ms_reg
    SLICE_X4Y86          FDRE                                         r  clkgen_200kHz_inst/counter_2ms_reg[3]/R
  -------------------------------------------------------------------    -------------------

                         (clock sys_clk_pin rise edge)
                                                     10.000    10.000 r  
    E3                                                0.000    10.000 r  CLK100MHZ (IN)
                         net (fo=0)                   0.000    10.000    CLK100MHZ
    E3                   IBUF (Prop_ibuf_I_O)         1.411    11.411 r  CLK100MHZ_IBUF_inst/O
                         net (fo=1, routed)           1.920    13.331    CLK100MHZ_IBUF
    BUFGCTRL_X0Y16       BUFG (Prop_bufg_I_O)         0.091    13.422 r  CLK100MHZ_IBUF_BUFG_inst/O
                         net (fo=39, routed)          1.598    15.021    clkgen_200kHz_inst/CLK
    SLICE_X4Y86          FDRE                                         r  clkgen_200kHz_inst/counter_2ms_reg[3]/C
                         clock pessimism              0.276    15.297    
                         clock uncertainty           -0.035    15.261    
    SLICE_X4Y86          FDRE (Setup_fdre_C_R)       -0.429    14.832    clkgen_200kHz_inst/counter_2ms_reg[3]
  -------------------------------------------------------------------
                         required time                         14.832    
                         arrival time                          -7.953    
  -------------------------------------------------------------------
                         slack                                  6.879    

Slack (MET) :             6.879ns  (required time - arrival time)
  Source:                 clkgen_200kHz_inst/counter_2ms_reg[15]/C
                            (rising edge-triggered cell FDRE clocked by sys_clk_pin  {rise@0.000ns fall@5.000ns period=10.000ns})
  Destination:            clkgen_200kHz_inst/counter_2ms_reg[4]/R
                            (rising edge-triggered cell FDRE clocked by sys_clk_pin  {rise@0.000ns fall@5.000ns period=10.000ns})
  Path Group:             sys_clk_pin
  Path Type:              Setup (Max at Slow Process Corner)
  Requirement:            10.000ns  (sys_clk_pin rise@10.000ns - sys_clk_pin rise@0.000ns)
  Data Path Delay:        2.628ns  (logic 0.704ns (26.785%)  route 1.924ns (73.215%))
  Logic Levels:           2  (LUT6=2)
  Clock Path Skew:        -0.028ns (DCD - SCD + CPR)
    Destination Clock Delay (DCD):    5.021ns = ( 15.021 - 10.000 ) 
    Source Clock Delay      (SCD):    5.325ns
    Clock Pessimism Removal (CPR):    0.276ns
  Clock Uncertainty:      0.035ns  ((TSJ^2 + TIJ^2)^1/2 + DJ) / 2 + PE
    Total System Jitter     (TSJ):    0.071ns
    Total Input Jitter      (TIJ):    0.000ns
    Discrete Jitter          (DJ):    0.000ns
    Phase Error              (PE):    0.000ns

    Location             Delay type                Incr(ns)  Path(ns)    Netlist Resource(s)
  -------------------------------------------------------------------    -------------------
                         (clock sys_clk_pin rise edge)
                                                      0.000     0.000 r  
    E3                                                0.000     0.000 r  CLK100MHZ (IN)
                         net (fo=0)                   0.000     0.000    CLK100MHZ
    E3                   IBUF (Prop_ibuf_I_O)         1.482     1.482 r  CLK100MHZ_IBUF_inst/O
                         net (fo=1, routed)           2.025     3.506    CLK100MHZ_IBUF
    BUFGCTRL_X0Y16       BUFG (Prop_bufg_I_O)         0.096     3.602 r  CLK100MHZ_IBUF_BUFG_inst/O
                         net (fo=39, routed)          1.722     5.325    clkgen_200kHz_inst/CLK
    SLICE_X4Y89          FDRE                                         r  clkgen_200kHz_inst/counter_2ms_reg[15]/C
  -------------------------------------------------------------------    -------------------
    SLICE_X4Y89          FDRE (Prop_fdre_C_Q)         0.456     5.781 r  clkgen_200kHz_inst/counter_2ms_reg[15]/Q
                         net (fo=2, routed)           0.822     6.603    clkgen_200kHz_inst/counter_2ms[15]
    SLICE_X5Y87          LUT6 (Prop_lut6_I0_O)        0.124     6.727 r  clkgen_200kHz_inst/counter_2ms[16]_i_2/O
                         net (fo=1, routed)           0.433     7.160    clkgen_200kHz_inst/counter_2ms[16]_i_2_n_0
    SLICE_X5Y87          LUT6 (Prop_lut6_I0_O)        0.124     7.284 r  clkgen_200kHz_inst/counter_2ms[16]_i_1/O
                         net (fo=18, routed)          0.669     7.953    clkgen_200kHz_inst/clk_2ms_reg
    SLICE_X4Y86          FDRE                                         r  clkgen_200kHz_inst/counter_2ms_reg[4]/R
  -------------------------------------------------------------------    -------------------

                         (clock sys_clk_pin rise edge)
                                                     10.000    10.000 r  
    E3                                                0.000    10.000 r  CLK100MHZ (IN)
                         net (fo=0)                   0.000    10.000    CLK100MHZ
    E3                   IBUF (Prop_ibuf_I_O)         1.411    11.411 r  CLK100MHZ_IBUF_inst/O
                         net (fo=1, routed)           1.920    13.331    CLK100MHZ_IBUF
    BUFGCTRL_X0Y16       BUFG (Prop_bufg_I_O)         0.091    13.422 r  CLK100MHZ_IBUF_BUFG_inst/O
                         net (fo=39, routed)          1.598    15.021    clkgen_200kHz_inst/CLK
    SLICE_X4Y86          FDRE                                         r  clkgen_200kHz_inst/counter_2ms_reg[4]/C
                         clock pessimism              0.276    15.297    
                         clock uncertainty           -0.035    15.261    
    SLICE_X4Y86          FDRE (Setup_fdre_C_R)       -0.429    14.832    clkgen_200kHz_inst/counter_2ms_reg[4]
  -------------------------------------------------------------------
                         required time                         14.832    
                         arrival time                          -7.953    
  -------------------------------------------------------------------
                         slack                                  6.879    

Slack (MET) :             6.884ns  (required time - arrival time)
  Source:                 clkgen_200kHz_inst/counter_2ms_reg[15]/C
                            (rising edge-triggered cell FDRE clocked by sys_clk_pin  {rise@0.000ns fall@5.000ns period=10.000ns})
  Destination:            clkgen_200kHz_inst/counter_2ms_reg[0]/R
                            (rising edge-triggered cell FDRE clocked by sys_clk_pin  {rise@0.000ns fall@5.000ns period=10.000ns})
  Path Group:             sys_clk_pin
  Path Type:              Setup (Max at Slow Process Corner)
  Requirement:            10.000ns  (sys_clk_pin rise@10.000ns - sys_clk_pin rise@0.000ns)
  Data Path Delay:        2.624ns  (logic 0.704ns (26.829%)  route 1.920ns (73.171%))
  Logic Levels:           2  (LUT6=2)
  Clock Path Skew:        -0.028ns (DCD - SCD + CPR)
    Destination Clock Delay (DCD):    5.021ns = ( 15.021 - 10.000 ) 
    Source Clock Delay      (SCD):    5.325ns
    Clock Pessimism Removal (CPR):    0.276ns
  Clock Uncertainty:      0.035ns  ((TSJ^2 + TIJ^2)^1/2 + DJ) / 2 + PE
    Total System Jitter     (TSJ):    0.071ns
    Total Input Jitter      (TIJ):    0.000ns
    Discrete Jitter          (DJ):    0.000ns
    Phase Error              (PE):    0.000ns

    Location             Delay type                Incr(ns)  Path(ns)    Netlist Resource(s)
  -------------------------------------------------------------------    -------------------
                         (clock sys_clk_pin rise edge)
                                                      0.000     0.000 r  
    E3                                                0.000     0.000 r  CLK100MHZ (IN)
                         net (fo=0)                   0.000     0.000    CLK100MHZ
    E3                   IBUF (Prop_ibuf_I_O)         1.482     1.482 r  CLK100MHZ_IBUF_inst/O
                         net (fo=1, routed)           2.025     3.506    CLK100MHZ_IBUF
    BUFGCTRL_X0Y16       BUFG (Prop_bufg_I_O)         0.096     3.602 r  CLK100MHZ_IBUF_BUFG_inst/O
                         net (fo=39, routed)          1.722     5.325    clkgen_200kHz_inst/CLK
    SLICE_X4Y89          FDRE                                         r  clkgen_200kHz_inst/counter_2ms_reg[15]/C
  -------------------------------------------------------------------    -------------------
    SLICE_X4Y89          FDRE (Prop_fdre_C_Q)         0.456     5.781 r  clkgen_200kHz_inst/counter_2ms_reg[15]/Q
                         net (fo=2, routed)           0.822     6.603    clkgen_200kHz_inst/counter_2ms[15]
    SLICE_X5Y87          LUT6 (Prop_lut6_I0_O)        0.124     6.727 r  clkgen_200kHz_inst/counter_2ms[16]_i_2/O
                         net (fo=1, routed)           0.433     7.160    clkgen_200kHz_inst/counter_2ms[16]_i_2_n_0
    SLICE_X5Y87          LUT6 (Prop_lut6_I0_O)        0.124     7.284 r  clkgen_200kHz_inst/counter_2ms[16]_i_1/O
                         net (fo=18, routed)          0.665     7.949    clkgen_200kHz_inst/clk_2ms_reg
    SLICE_X5Y86          FDRE                                         r  clkgen_200kHz_inst/counter_2ms_reg[0]/R
  -------------------------------------------------------------------    -------------------

                         (clock sys_clk_pin rise edge)
                                                     10.000    10.000 r  
    E3                                                0.000    10.000 r  CLK100MHZ (IN)
                         net (fo=0)                   0.000    10.000    CLK100MHZ
    E3                   IBUF (Prop_ibuf_I_O)         1.411    11.411 r  CLK100MHZ_IBUF_inst/O
                         net (fo=1, routed)           1.920    13.331    CLK100MHZ_IBUF
    BUFGCTRL_X0Y16       BUFG (Prop_bufg_I_O)         0.091    13.422 r  CLK100MHZ_IBUF_BUFG_inst/O
                         net (fo=39, routed)          1.598    15.021    clkgen_200kHz_inst/CLK
    SLICE_X5Y86          FDRE                                         r  clkgen_200kHz_inst/counter_2ms_reg[0]/C
                         clock pessimism              0.276    15.297    
                         clock uncertainty           -0.035    15.261    
    SLICE_X5Y86          FDRE (Setup_fdre_C_R)       -0.429    14.832    clkgen_200kHz_inst/counter_2ms_reg[0]
  -------------------------------------------------------------------
                         required time                         14.832    
                         arrival time                          -7.949    
  -------------------------------------------------------------------
                         slack                                  6.884    





Min Delay Paths
--------------------------------------------------------------------------------------
Slack (MET) :             0.223ns  (arrival time - required time)
  Source:                 clkgen_200kHz_inst/counter_reg[0]/C
                            (rising edge-triggered cell FDRE clocked by sys_clk_pin  {rise@0.000ns fall@5.000ns period=10.000ns})
  Destination:            clkgen_200kHz_inst/counter_reg[5]/D
                            (rising edge-triggered cell FDRE clocked by sys_clk_pin  {rise@0.000ns fall@5.000ns period=10.000ns})
  Path Group:             sys_clk_pin
  Path Type:              Hold (Min at Fast Process Corner)
  Requirement:            0.000ns  (sys_clk_pin rise@0.000ns - sys_clk_pin rise@0.000ns)
  Data Path Delay:        0.331ns  (logic 0.186ns (56.157%)  route 0.145ns (43.843%))
  Logic Levels:           1  (LUT6=1)
  Clock Path Skew:        0.016ns (DCD - SCD - CPR)
    Destination Clock Delay (DCD):    1.999ns
    Source Clock Delay      (SCD):    1.483ns
    Clock Pessimism Removal (CPR):    0.499ns

    Location             Delay type                Incr(ns)  Path(ns)    Netlist Resource(s)
  -------------------------------------------------------------------    -------------------
                         (clock sys_clk_pin rise edge)
                                                      0.000     0.000 r  
    E3                                                0.000     0.000 r  CLK100MHZ (IN)
                         net (fo=0)                   0.000     0.000    CLK100MHZ
    E3                   IBUF (Prop_ibuf_I_O)         0.250     0.250 r  CLK100MHZ_IBUF_inst/O
                         net (fo=1, routed)           0.644     0.894    CLK100MHZ_IBUF
    BUFGCTRL_X0Y16       BUFG (Prop_bufg_I_O)         0.026     0.920 r  CLK100MHZ_IBUF_BUFG_inst/O
                         net (fo=39, routed)          0.564     1.483    clkgen_200kHz_inst/CLK
    SLICE_X52Y95         FDRE                                         r  clkgen_200kHz_inst/counter_reg[0]/C
  -------------------------------------------------------------------    -------------------
    SLICE_X52Y95         FDRE (Prop_fdre_C_Q)         0.141     1.624 r  clkgen_200kHz_inst/counter_reg[0]/Q
                         net (fo=8, routed)           0.145     1.770    clkgen_200kHz_inst/counter_reg_n_0_[0]
    SLICE_X53Y96         LUT6 (Prop_lut6_I2_O)        0.045     1.815 r  clkgen_200kHz_inst/counter[5]_i_1/O
                         net (fo=1, routed)           0.000     1.815    clkgen_200kHz_inst/counter[5]_i_1_n_0
    SLICE_X53Y96         FDRE                                         r  clkgen_200kHz_inst/counter_reg[5]/D
  -------------------------------------------------------------------    -------------------

                         (clock sys_clk_pin rise edge)
                                                      0.000     0.000 r  
    E3                                                0.000     0.000 r  CLK100MHZ (IN)
                         net (fo=0)                   0.000     0.000    CLK100MHZ
    E3                   IBUF (Prop_ibuf_I_O)         0.438     0.438 r  CLK100MHZ_IBUF_inst/O
                         net (fo=1, routed)           0.699     1.136    CLK100MHZ_IBUF
    BUFGCTRL_X0Y16       BUFG (Prop_bufg_I_O)         0.029     1.165 r  CLK100MHZ_IBUF_BUFG_inst/O
                         net (fo=39, routed)          0.834     1.999    clkgen_200kHz_inst/CLK
    SLICE_X53Y96         FDRE                                         r  clkgen_200kHz_inst/counter_reg[5]/C
                         clock pessimism             -0.499     1.499    
    SLICE_X53Y96         FDRE (Hold_fdre_C_D)         0.092     1.591    clkgen_200kHz_inst/counter_reg[5]
  -------------------------------------------------------------------
                         required time                         -1.591    
                         arrival time                           1.815    
  -------------------------------------------------------------------
                         slack                                  0.223    

Slack (MET) :             0.237ns  (arrival time - required time)
  Source:                 spi_slave_inst/shift_register_reg[6]/C
                            (rising edge-triggered cell FDRE clocked by sys_clk_pin  {rise@0.000ns fall@5.000ns period=10.000ns})
  Destination:            spi_slave_inst/shift_register_reg[7]/D
                            (rising edge-triggered cell FDRE clocked by sys_clk_pin  {rise@0.000ns fall@5.000ns period=10.000ns})
  Path Group:             sys_clk_pin
  Path Type:              Hold (Min at Fast Process Corner)
  Requirement:            0.000ns  (sys_clk_pin rise@0.000ns - sys_clk_pin rise@0.000ns)
  Data Path Delay:        0.344ns  (logic 0.183ns (53.208%)  route 0.161ns (46.792%))
  Logic Levels:           1  (LUT3=1)
  Clock Path Skew:        0.000ns (DCD - SCD - CPR)
    Destination Clock Delay (DCD):    2.040ns
    Source Clock Delay      (SCD):    1.521ns
    Clock Pessimism Removal (CPR):    0.518ns

    Location             Delay type                Incr(ns)  Path(ns)    Netlist Resource(s)
  -------------------------------------------------------------------    -------------------
                         (clock sys_clk_pin rise edge)
                                                      0.000     0.000 r  
    E3                                                0.000     0.000 r  CLK100MHZ (IN)
                         net (fo=0)                   0.000     0.000    CLK100MHZ
    E3                   IBUF (Prop_ibuf_I_O)         0.250     0.250 r  CLK100MHZ_IBUF_inst/O
                         net (fo=1, routed)           0.644     0.894    CLK100MHZ_IBUF
    BUFGCTRL_X0Y16       BUFG (Prop_bufg_I_O)         0.026     0.920 r  CLK100MHZ_IBUF_BUFG_inst/O
                         net (fo=39, routed)          0.602     1.521    spi_slave_inst/CLK
    SLICE_X0Y89          FDRE                                         r  spi_slave_inst/shift_register_reg[6]/C
  -------------------------------------------------------------------    -------------------
    SLICE_X0Y89          FDRE (Prop_fdre_C_Q)         0.141     1.662 r  spi_slave_inst/shift_register_reg[6]/Q
                         net (fo=1, routed)           0.161     1.823    spi_slave_inst/shift_register_reg_n_0_[6]
    SLICE_X0Y89          LUT3 (Prop_lut3_I2_O)        0.042     1.865 r  spi_slave_inst/shift_register[7]_i_2/O
                         net (fo=1, routed)           0.000     1.865    spi_slave_inst/p_2_in[7]
    SLICE_X0Y89          FDRE                                         r  spi_slave_inst/shift_register_reg[7]/D
  -------------------------------------------------------------------    -------------------

                         (clock sys_clk_pin rise edge)
                                                      0.000     0.000 r  
    E3                                                0.000     0.000 r  CLK100MHZ (IN)
                         net (fo=0)                   0.000     0.000    CLK100MHZ
    E3                   IBUF (Prop_ibuf_I_O)         0.438     0.438 r  CLK100MHZ_IBUF_inst/O
                         net (fo=1, routed)           0.699     1.136    CLK100MHZ_IBUF
    BUFGCTRL_X0Y16       BUFG (Prop_bufg_I_O)         0.029     1.165 r  CLK100MHZ_IBUF_BUFG_inst/O
                         net (fo=39, routed)          0.875     2.040    spi_slave_inst/CLK
    SLICE_X0Y89          FDRE                                         r  spi_slave_inst/shift_register_reg[7]/C
                         clock pessimism             -0.518     1.521    
    SLICE_X0Y89          FDRE (Hold_fdre_C_D)         0.107     1.628    spi_slave_inst/shift_register_reg[7]
  -------------------------------------------------------------------
                         required time                         -1.628    
                         arrival time                           1.865    
  -------------------------------------------------------------------
                         slack                                  0.237    

Slack (MET) :             0.241ns  (arrival time - required time)
  Source:                 spi_slave_inst/shift_register_reg[3]/C
                            (rising edge-triggered cell FDRE clocked by sys_clk_pin  {rise@0.000ns fall@5.000ns period=10.000ns})
  Destination:            spi_slave_inst/shift_register_reg[4]/D
                            (rising edge-triggered cell FDRE clocked by sys_clk_pin  {rise@0.000ns fall@5.000ns period=10.000ns})
  Path Group:             sys_clk_pin
  Path Type:              Hold (Min at Fast Process Corner)
  Requirement:            0.000ns  (sys_clk_pin rise@0.000ns - sys_clk_pin rise@0.000ns)
  Data Path Delay:        0.333ns  (logic 0.226ns (67.929%)  route 0.107ns (32.071%))
  Logic Levels:           1  (LUT3=1)
  Clock Path Skew:        0.000ns (DCD - SCD - CPR)
    Destination Clock Delay (DCD):    2.040ns
    Source Clock Delay      (SCD):    1.521ns
    Clock Pessimism Removal (CPR):    0.518ns

    Location             Delay type                Incr(ns)  Path(ns)    Netlist Resource(s)
  -------------------------------------------------------------------    -------------------
                         (clock sys_clk_pin rise edge)
                                                      0.000     0.000 r  
    E3                                                0.000     0.000 r  CLK100MHZ (IN)
                         net (fo=0)                   0.000     0.000    CLK100MHZ
    E3                   IBUF (Prop_ibuf_I_O)         0.250     0.250 r  CLK100MHZ_IBUF_inst/O
                         net (fo=1, routed)           0.644     0.894    CLK100MHZ_IBUF
    BUFGCTRL_X0Y16       BUFG (Prop_bufg_I_O)         0.026     0.920 r  CLK100MHZ_IBUF_BUFG_inst/O
                         net (fo=39, routed)          0.602     1.521    spi_slave_inst/CLK
    SLICE_X0Y89          FDRE                                         r  spi_slave_inst/shift_register_reg[3]/C
  -------------------------------------------------------------------    -------------------
    SLICE_X0Y89          FDRE (Prop_fdre_C_Q)         0.128     1.649 r  spi_slave_inst/shift_register_reg[3]/Q
                         net (fo=1, routed)           0.107     1.756    spi_slave_inst/shift_register_reg_n_0_[3]
    SLICE_X0Y89          LUT3 (Prop_lut3_I2_O)        0.098     1.854 r  spi_slave_inst/shift_register[4]_i_1/O
                         net (fo=1, routed)           0.000     1.854    spi_slave_inst/p_2_in[4]
    SLICE_X0Y89          FDRE                                         r  spi_slave_inst/shift_register_reg[4]/D
  -------------------------------------------------------------------    -------------------

                         (clock sys_clk_pin rise edge)
                                                      0.000     0.000 r  
    E3                                                0.000     0.000 r  CLK100MHZ (IN)
                         net (fo=0)                   0.000     0.000    CLK100MHZ
    E3                   IBUF (Prop_ibuf_I_O)         0.438     0.438 r  CLK100MHZ_IBUF_inst/O
                         net (fo=1, routed)           0.699     1.136    CLK100MHZ_IBUF
    BUFGCTRL_X0Y16       BUFG (Prop_bufg_I_O)         0.029     1.165 r  CLK100MHZ_IBUF_BUFG_inst/O
                         net (fo=39, routed)          0.875     2.040    spi_slave_inst/CLK
    SLICE_X0Y89          FDRE                                         r  spi_slave_inst/shift_register_reg[4]/C
                         clock pessimism             -0.518     1.521    
    SLICE_X0Y89          FDRE (Hold_fdre_C_D)         0.092     1.613    spi_slave_inst/shift_register_reg[4]
  -------------------------------------------------------------------
                         required time                         -1.613    
                         arrival time                           1.854    
  -------------------------------------------------------------------
                         slack                                  0.241    

Slack (MET) :             0.249ns  (arrival time - required time)
  Source:                 spi_slave_inst/shift_register_reg[0]/C
                            (rising edge-triggered cell FDRE clocked by sys_clk_pin  {rise@0.000ns fall@5.000ns period=10.000ns})
  Destination:            spi_slave_inst/shift_register_reg[1]/D
                            (rising edge-triggered cell FDRE clocked by sys_clk_pin  {rise@0.000ns fall@5.000ns period=10.000ns})
  Path Group:             sys_clk_pin
  Path Type:              Hold (Min at Fast Process Corner)
  Requirement:            0.000ns  (sys_clk_pin rise@0.000ns - sys_clk_pin rise@0.000ns)
  Data Path Delay:        0.356ns  (logic 0.183ns (51.463%)  route 0.173ns (48.537%))
  Logic Levels:           1  (LUT3=1)
  Clock Path Skew:        0.000ns (DCD - SCD - CPR)
    Destination Clock Delay (DCD):    2.040ns
    Source Clock Delay      (SCD):    1.521ns
    Clock Pessimism Removal (CPR):    0.518ns

    Location             Delay type                Incr(ns)  Path(ns)    Netlist Resource(s)
  -------------------------------------------------------------------    -------------------
                         (clock sys_clk_pin rise edge)
                                                      0.000     0.000 r  
    E3                                                0.000     0.000 r  CLK100MHZ (IN)
                         net (fo=0)                   0.000     0.000    CLK100MHZ
    E3                   IBUF (Prop_ibuf_I_O)         0.250     0.250 r  CLK100MHZ_IBUF_inst/O
                         net (fo=1, routed)           0.644     0.894    CLK100MHZ_IBUF
    BUFGCTRL_X0Y16       BUFG (Prop_bufg_I_O)         0.026     0.920 r  CLK100MHZ_IBUF_BUFG_inst/O
                         net (fo=39, routed)          0.602     1.521    spi_slave_inst/CLK
    SLICE_X0Y89          FDRE                                         r  spi_slave_inst/shift_register_reg[0]/C
  -------------------------------------------------------------------    -------------------
    SLICE_X0Y89          FDRE (Prop_fdre_C_Q)         0.141     1.662 r  spi_slave_inst/shift_register_reg[0]/Q
                         net (fo=1, routed)           0.173     1.835    spi_slave_inst/shift_register_reg_n_0_[0]
    SLICE_X0Y89          LUT3 (Prop_lut3_I2_O)        0.042     1.877 r  spi_slave_inst/shift_register[1]_i_1/O
                         net (fo=1, routed)           0.000     1.877    spi_slave_inst/p_2_in[1]
    SLICE_X0Y89          FDRE                                         r  spi_slave_inst/shift_register_reg[1]/D
  -------------------------------------------------------------------    -------------------

                         (clock sys_clk_pin rise edge)
                                                      0.000     0.000 r  
    E3                                                0.000     0.000 r  CLK100MHZ (IN)
                         net (fo=0)                   0.000     0.000    CLK100MHZ
    E3                   IBUF (Prop_ibuf_I_O)         0.438     0.438 r  CLK100MHZ_IBUF_inst/O
                         net (fo=1, routed)           0.699     1.136    CLK100MHZ_IBUF
    BUFGCTRL_X0Y16       BUFG (Prop_bufg_I_O)         0.029     1.165 r  CLK100MHZ_IBUF_BUFG_inst/O
                         net (fo=39, routed)          0.875     2.040    spi_slave_inst/CLK
    SLICE_X0Y89          FDRE                                         r  spi_slave_inst/shift_register_reg[1]/C
                         clock pessimism             -0.518     1.521    
    SLICE_X0Y89          FDRE (Hold_fdre_C_D)         0.107     1.628    spi_slave_inst/shift_register_reg[1]
  -------------------------------------------------------------------
                         required time                         -1.628    
                         arrival time                           1.877    
  -------------------------------------------------------------------
                         slack                                  0.249    

Slack (MET) :             0.253ns  (arrival time - required time)
  Source:                 clkgen_200kHz_inst/counter_reg[6]/C
                            (rising edge-triggered cell FDRE clocked by sys_clk_pin  {rise@0.000ns fall@5.000ns period=10.000ns})
  Destination:            clkgen_200kHz_inst/clk_reg_reg/D
                            (rising edge-triggered cell FDRE clocked by sys_clk_pin  {rise@0.000ns fall@5.000ns period=10.000ns})
  Path Group:             sys_clk_pin
  Path Type:              Hold (Min at Fast Process Corner)
  Requirement:            0.000ns  (sys_clk_pin rise@0.000ns - sys_clk_pin rise@0.000ns)
  Data Path Delay:        0.360ns  (logic 0.186ns (51.607%)  route 0.174ns (48.393%))
  Logic Levels:           1  (LUT6=1)
  Clock Path Skew:        0.016ns (DCD - SCD - CPR)
    Destination Clock Delay (DCD):    1.999ns
    Source Clock Delay      (SCD):    1.483ns
    Clock Pessimism Removal (CPR):    0.499ns

    Location             Delay type                Incr(ns)  Path(ns)    Netlist Resource(s)
  -------------------------------------------------------------------    -------------------
                         (clock sys_clk_pin rise edge)
                                                      0.000     0.000 r  
    E3                                                0.000     0.000 r  CLK100MHZ (IN)
                         net (fo=0)                   0.000     0.000    CLK100MHZ
    E3                   IBUF (Prop_ibuf_I_O)         0.250     0.250 r  CLK100MHZ_IBUF_inst/O
                         net (fo=1, routed)           0.644     0.894    CLK100MHZ_IBUF
    BUFGCTRL_X0Y16       BUFG (Prop_bufg_I_O)         0.026     0.920 r  CLK100MHZ_IBUF_BUFG_inst/O
                         net (fo=39, routed)          0.564     1.483    clkgen_200kHz_inst/CLK
    SLICE_X52Y95         FDRE                                         r  clkgen_200kHz_inst/counter_reg[6]/C
  -------------------------------------------------------------------    -------------------
    SLICE_X52Y95         FDRE (Prop_fdre_C_Q)         0.141     1.624 r  clkgen_200kHz_inst/counter_reg[6]/Q
                         net (fo=4, routed)           0.174     1.799    clkgen_200kHz_inst/counter_reg_n_0_[6]
    SLICE_X52Y96         LUT6 (Prop_lut6_I1_O)        0.045     1.844 r  clkgen_200kHz_inst/clk_reg_i_1__0/O
                         net (fo=1, routed)           0.000     1.844    clkgen_200kHz_inst/clk_reg_i_1__0_n_0
    SLICE_X52Y96         FDRE                                         r  clkgen_200kHz_inst/clk_reg_reg/D
  -------------------------------------------------------------------    -------------------

                         (clock sys_clk_pin rise edge)
                                                      0.000     0.000 r  
    E3                                                0.000     0.000 r  CLK100MHZ (IN)
                         net (fo=0)                   0.000     0.000    CLK100MHZ
    E3                   IBUF (Prop_ibuf_I_O)         0.438     0.438 r  CLK100MHZ_IBUF_inst/O
                         net (fo=1, routed)           0.699     1.136    CLK100MHZ_IBUF
    BUFGCTRL_X0Y16       BUFG (Prop_bufg_I_O)         0.029     1.165 r  CLK100MHZ_IBUF_BUFG_inst/O
                         net (fo=39, routed)          0.834     1.999    clkgen_200kHz_inst/CLK
    SLICE_X52Y96         FDRE                                         r  clkgen_200kHz_inst/clk_reg_reg/C
                         clock pessimism             -0.499     1.499    
    SLICE_X52Y96         FDRE (Hold_fdre_C_D)         0.091     1.590    clkgen_200kHz_inst/clk_reg_reg
  -------------------------------------------------------------------
                         required time                         -1.590    
                         arrival time                           1.844    
  -------------------------------------------------------------------
                         slack                                  0.253    

Slack (MET) :             0.274ns  (arrival time - required time)
  Source:                 clkgen_200kHz_inst/counter_2ms_reg[0]/C
                            (rising edge-triggered cell FDRE clocked by sys_clk_pin  {rise@0.000ns fall@5.000ns period=10.000ns})
  Destination:            clkgen_200kHz_inst/counter_2ms_reg[0]/D
                            (rising edge-triggered cell FDRE clocked by sys_clk_pin  {rise@0.000ns fall@5.000ns period=10.000ns})
  Path Group:             sys_clk_pin
  Path Type:              Hold (Min at Fast Process Corner)
  Requirement:            0.000ns  (sys_clk_pin rise@0.000ns - sys_clk_pin rise@0.000ns)
  Data Path Delay:        0.365ns  (logic 0.186ns (50.940%)  route 0.179ns (49.060%))
  Logic Levels:           1  (LUT1=1)
  Clock Path Skew:        0.000ns (DCD - SCD - CPR)
    Destination Clock Delay (DCD):    2.034ns
    Source Clock Delay      (SCD):    1.518ns
    Clock Pessimism Removal (CPR):    0.515ns

    Location             Delay type                Incr(ns)  Path(ns)    Netlist Resource(s)
  -------------------------------------------------------------------    -------------------
                         (clock sys_clk_pin rise edge)
                                                      0.000     0.000 r  
    E3                                                0.000     0.000 r  CLK100MHZ (IN)
                         net (fo=0)                   0.000     0.000    CLK100MHZ
    E3                   IBUF (Prop_ibuf_I_O)         0.250     0.250 r  CLK100MHZ_IBUF_inst/O
                         net (fo=1, routed)           0.644     0.894    CLK100MHZ_IBUF
    BUFGCTRL_X0Y16       BUFG (Prop_bufg_I_O)         0.026     0.920 r  CLK100MHZ_IBUF_BUFG_inst/O
                         net (fo=39, routed)          0.599     1.518    clkgen_200kHz_inst/CLK
    SLICE_X5Y86          FDRE                                         r  clkgen_200kHz_inst/counter_2ms_reg[0]/C
  -------------------------------------------------------------------    -------------------
    SLICE_X5Y86          FDRE (Prop_fdre_C_Q)         0.141     1.659 f  clkgen_200kHz_inst/counter_2ms_reg[0]/Q
                         net (fo=3, routed)           0.179     1.838    clkgen_200kHz_inst/counter_2ms[0]
    SLICE_X5Y86          LUT1 (Prop_lut1_I0_O)        0.045     1.883 r  clkgen_200kHz_inst/counter_2ms[0]_i_1/O
                         net (fo=1, routed)           0.000     1.883    clkgen_200kHz_inst/counter_2ms[0]_i_1_n_0
    SLICE_X5Y86          FDRE                                         r  clkgen_200kHz_inst/counter_2ms_reg[0]/D
  -------------------------------------------------------------------    -------------------

                         (clock sys_clk_pin rise edge)
                                                      0.000     0.000 r  
    E3                                                0.000     0.000 r  CLK100MHZ (IN)
                         net (fo=0)                   0.000     0.000    CLK100MHZ
    E3                   IBUF (Prop_ibuf_I_O)         0.438     0.438 r  CLK100MHZ_IBUF_inst/O
                         net (fo=1, routed)           0.699     1.136    CLK100MHZ_IBUF
    BUFGCTRL_X0Y16       BUFG (Prop_bufg_I_O)         0.029     1.165 r  CLK100MHZ_IBUF_BUFG_inst/O
                         net (fo=39, routed)          0.869     2.034    clkgen_200kHz_inst/CLK
    SLICE_X5Y86          FDRE                                         r  clkgen_200kHz_inst/counter_2ms_reg[0]/C
                         clock pessimism             -0.515     1.518    
    SLICE_X5Y86          FDRE (Hold_fdre_C_D)         0.091     1.609    clkgen_200kHz_inst/counter_2ms_reg[0]
  -------------------------------------------------------------------
                         required time                         -1.609    
                         arrival time                           1.883    
  -------------------------------------------------------------------
                         slack                                  0.274    

Slack (MET) :             0.280ns  (arrival time - required time)
  Source:                 clkgen_200kHz_inst/counter_2ms_reg[11]/C
                            (rising edge-triggered cell FDRE clocked by sys_clk_pin  {rise@0.000ns fall@5.000ns period=10.000ns})
  Destination:            clkgen_200kHz_inst/counter_2ms_reg[11]/D
                            (rising edge-triggered cell FDRE clocked by sys_clk_pin  {rise@0.000ns fall@5.000ns period=10.000ns})
  Path Group:             sys_clk_pin
  Path Type:              Hold (Min at Fast Process Corner)
  Requirement:            0.000ns  (sys_clk_pin rise@0.000ns - sys_clk_pin rise@0.000ns)
  Data Path Delay:        0.385ns  (logic 0.252ns (65.529%)  route 0.133ns (34.471%))
  Logic Levels:           1  (CARRY4=1)
  Clock Path Skew:        0.000ns (DCD - SCD - CPR)
    Destination Clock Delay (DCD):    2.037ns
    Source Clock Delay      (SCD):    1.520ns
    Clock Pessimism Removal (CPR):    0.516ns

    Location             Delay type                Incr(ns)  Path(ns)    Netlist Resource(s)
  -------------------------------------------------------------------    -------------------
                         (clock sys_clk_pin rise edge)
                                                      0.000     0.000 r  
    E3                                                0.000     0.000 r  CLK100MHZ (IN)
                         net (fo=0)                   0.000     0.000    CLK100MHZ
    E3                   IBUF (Prop_ibuf_I_O)         0.250     0.250 r  CLK100MHZ_IBUF_inst/O
                         net (fo=1, routed)           0.644     0.894    CLK100MHZ_IBUF
    BUFGCTRL_X0Y16       BUFG (Prop_bufg_I_O)         0.026     0.920 r  CLK100MHZ_IBUF_BUFG_inst/O
                         net (fo=39, routed)          0.601     1.520    clkgen_200kHz_inst/CLK
    SLICE_X4Y88          FDRE                                         r  clkgen_200kHz_inst/counter_2ms_reg[11]/C
  -------------------------------------------------------------------    -------------------
    SLICE_X4Y88          FDRE (Prop_fdre_C_Q)         0.141     1.661 r  clkgen_200kHz_inst/counter_2ms_reg[11]/Q
                         net (fo=2, routed)           0.133     1.794    clkgen_200kHz_inst/counter_2ms[11]
    SLICE_X4Y88          CARRY4 (Prop_carry4_S[2]_O[2])
                                                      0.111     1.905 r  clkgen_200kHz_inst/counter_2ms0_carry__1/O[2]
                         net (fo=1, routed)           0.000     1.905    clkgen_200kHz_inst/counter_2ms0_carry__1_n_5
    SLICE_X4Y88          FDRE                                         r  clkgen_200kHz_inst/counter_2ms_reg[11]/D
  -------------------------------------------------------------------    -------------------

                         (clock sys_clk_pin rise edge)
                                                      0.000     0.000 r  
    E3                                                0.000     0.000 r  CLK100MHZ (IN)
                         net (fo=0)                   0.000     0.000    CLK100MHZ
    E3                   IBUF (Prop_ibuf_I_O)         0.438     0.438 r  CLK100MHZ_IBUF_inst/O
                         net (fo=1, routed)           0.699     1.136    CLK100MHZ_IBUF
    BUFGCTRL_X0Y16       BUFG (Prop_bufg_I_O)         0.029     1.165 r  CLK100MHZ_IBUF_BUFG_inst/O
                         net (fo=39, routed)          0.872     2.037    clkgen_200kHz_inst/CLK
    SLICE_X4Y88          FDRE                                         r  clkgen_200kHz_inst/counter_2ms_reg[11]/C
                         clock pessimism             -0.516     1.520    
    SLICE_X4Y88          FDRE (Hold_fdre_C_D)         0.105     1.625    clkgen_200kHz_inst/counter_2ms_reg[11]
  -------------------------------------------------------------------
                         required time                         -1.625    
                         arrival time                           1.905    
  -------------------------------------------------------------------
                         slack                                  0.280    

Slack (MET) :             0.280ns  (arrival time - required time)
  Source:                 clkgen_200kHz_inst/counter_2ms_reg[7]/C
                            (rising edge-triggered cell FDRE clocked by sys_clk_pin  {rise@0.000ns fall@5.000ns period=10.000ns})
  Destination:            clkgen_200kHz_inst/counter_2ms_reg[7]/D
                            (rising edge-triggered cell FDRE clocked by sys_clk_pin  {rise@0.000ns fall@5.000ns period=10.000ns})
  Path Group:             sys_clk_pin
  Path Type:              Hold (Min at Fast Process Corner)
  Requirement:            0.000ns  (sys_clk_pin rise@0.000ns - sys_clk_pin rise@0.000ns)
  Data Path Delay:        0.385ns  (logic 0.252ns (65.465%)  route 0.133ns (34.535%))
  Logic Levels:           1  (CARRY4=1)
  Clock Path Skew:        0.000ns (DCD - SCD - CPR)
    Destination Clock Delay (DCD):    2.035ns
    Source Clock Delay      (SCD):    1.519ns
    Clock Pessimism Removal (CPR):    0.515ns

    Location             Delay type                Incr(ns)  Path(ns)    Netlist Resource(s)
  -------------------------------------------------------------------    -------------------
                         (clock sys_clk_pin rise edge)
                                                      0.000     0.000 r  
    E3                                                0.000     0.000 r  CLK100MHZ (IN)
                         net (fo=0)                   0.000     0.000    CLK100MHZ
    E3                   IBUF (Prop_ibuf_I_O)         0.250     0.250 r  CLK100MHZ_IBUF_inst/O
                         net (fo=1, routed)           0.644     0.894    CLK100MHZ_IBUF
    BUFGCTRL_X0Y16       BUFG (Prop_bufg_I_O)         0.026     0.920 r  CLK100MHZ_IBUF_BUFG_inst/O
                         net (fo=39, routed)          0.600     1.519    clkgen_200kHz_inst/CLK
    SLICE_X4Y87          FDRE                                         r  clkgen_200kHz_inst/counter_2ms_reg[7]/C
  -------------------------------------------------------------------    -------------------
    SLICE_X4Y87          FDRE (Prop_fdre_C_Q)         0.141     1.660 r  clkgen_200kHz_inst/counter_2ms_reg[7]/Q
                         net (fo=2, routed)           0.133     1.793    clkgen_200kHz_inst/counter_2ms[7]
    SLICE_X4Y87          CARRY4 (Prop_carry4_S[2]_O[2])
                                                      0.111     1.904 r  clkgen_200kHz_inst/counter_2ms0_carry__0/O[2]
                         net (fo=1, routed)           0.000     1.904    clkgen_200kHz_inst/counter_2ms0_carry__0_n_5
    SLICE_X4Y87          FDRE                                         r  clkgen_200kHz_inst/counter_2ms_reg[7]/D
  -------------------------------------------------------------------    -------------------

                         (clock sys_clk_pin rise edge)
                                                      0.000     0.000 r  
    E3                                                0.000     0.000 r  CLK100MHZ (IN)
                         net (fo=0)                   0.000     0.000    CLK100MHZ
    E3                   IBUF (Prop_ibuf_I_O)         0.438     0.438 r  CLK100MHZ_IBUF_inst/O
                         net (fo=1, routed)           0.699     1.136    CLK100MHZ_IBUF
    BUFGCTRL_X0Y16       BUFG (Prop_bufg_I_O)         0.029     1.165 r  CLK100MHZ_IBUF_BUFG_inst/O
                         net (fo=39, routed)          0.870     2.035    clkgen_200kHz_inst/CLK
    SLICE_X4Y87          FDRE                                         r  clkgen_200kHz_inst/counter_2ms_reg[7]/C
                         clock pessimism             -0.515     1.519    
    SLICE_X4Y87          FDRE (Hold_fdre_C_D)         0.105     1.624    clkgen_200kHz_inst/counter_2ms_reg[7]
  -------------------------------------------------------------------
                         required time                         -1.624    
                         arrival time                           1.904    
  -------------------------------------------------------------------
                         slack                                  0.280    

Slack (MET) :             0.281ns  (arrival time - required time)
  Source:                 clkgen_200kHz_inst/counter_2ms_reg[3]/C
                            (rising edge-triggered cell FDRE clocked by sys_clk_pin  {rise@0.000ns fall@5.000ns period=10.000ns})
  Destination:            clkgen_200kHz_inst/counter_2ms_reg[3]/D
                            (rising edge-triggered cell FDRE clocked by sys_clk_pin  {rise@0.000ns fall@5.000ns period=10.000ns})
  Path Group:             sys_clk_pin
  Path Type:              Hold (Min at Fast Process Corner)
  Requirement:            0.000ns  (sys_clk_pin rise@0.000ns - sys_clk_pin rise@0.000ns)
  Data Path Delay:        0.386ns  (logic 0.252ns (65.354%)  route 0.134ns (34.646%))
  Logic Levels:           1  (CARRY4=1)
  Clock Path Skew:        0.000ns (DCD - SCD - CPR)
    Destination Clock Delay (DCD):    2.034ns
    Source Clock Delay      (SCD):    1.518ns
    Clock Pessimism Removal (CPR):    0.515ns

    Location             Delay type                Incr(ns)  Path(ns)    Netlist Resource(s)
  -------------------------------------------------------------------    -------------------
                         (clock sys_clk_pin rise edge)
                                                      0.000     0.000 r  
    E3                                                0.000     0.000 r  CLK100MHZ (IN)
                         net (fo=0)                   0.000     0.000    CLK100MHZ
    E3                   IBUF (Prop_ibuf_I_O)         0.250     0.250 r  CLK100MHZ_IBUF_inst/O
                         net (fo=1, routed)           0.644     0.894    CLK100MHZ_IBUF
    BUFGCTRL_X0Y16       BUFG (Prop_bufg_I_O)         0.026     0.920 r  CLK100MHZ_IBUF_BUFG_inst/O
                         net (fo=39, routed)          0.599     1.518    clkgen_200kHz_inst/CLK
    SLICE_X4Y86          FDRE                                         r  clkgen_200kHz_inst/counter_2ms_reg[3]/C
  -------------------------------------------------------------------    -------------------
    SLICE_X4Y86          FDRE (Prop_fdre_C_Q)         0.141     1.659 r  clkgen_200kHz_inst/counter_2ms_reg[3]/Q
                         net (fo=2, routed)           0.134     1.793    clkgen_200kHz_inst/counter_2ms[3]
    SLICE_X4Y86          CARRY4 (Prop_carry4_S[2]_O[2])
                                                      0.111     1.904 r  clkgen_200kHz_inst/counter_2ms0_carry/O[2]
                         net (fo=1, routed)           0.000     1.904    clkgen_200kHz_inst/counter_2ms0_carry_n_5
    SLICE_X4Y86          FDRE                                         r  clkgen_200kHz_inst/counter_2ms_reg[3]/D
  -------------------------------------------------------------------    -------------------

                         (clock sys_clk_pin rise edge)
                                                      0.000     0.000 r  
    E3                                                0.000     0.000 r  CLK100MHZ (IN)
                         net (fo=0)                   0.000     0.000    CLK100MHZ
    E3                   IBUF (Prop_ibuf_I_O)         0.438     0.438 r  CLK100MHZ_IBUF_inst/O
                         net (fo=1, routed)           0.699     1.136    CLK100MHZ_IBUF
    BUFGCTRL_X0Y16       BUFG (Prop_bufg_I_O)         0.029     1.165 r  CLK100MHZ_IBUF_BUFG_inst/O
                         net (fo=39, routed)          0.869     2.034    clkgen_200kHz_inst/CLK
    SLICE_X4Y86          FDRE                                         r  clkgen_200kHz_inst/counter_2ms_reg[3]/C
                         clock pessimism             -0.515     1.518    
    SLICE_X4Y86          FDRE (Hold_fdre_C_D)         0.105     1.623    clkgen_200kHz_inst/counter_2ms_reg[3]
  -------------------------------------------------------------------
                         required time                         -1.623    
                         arrival time                           1.904    
  -------------------------------------------------------------------
                         slack                                  0.281    

Slack (MET) :             0.281ns  (arrival time - required time)
  Source:                 clkgen_200kHz_inst/counter_2ms_reg[15]/C
                            (rising edge-triggered cell FDRE clocked by sys_clk_pin  {rise@0.000ns fall@5.000ns period=10.000ns})
  Destination:            clkgen_200kHz_inst/counter_2ms_reg[15]/D
                            (rising edge-triggered cell FDRE clocked by sys_clk_pin  {rise@0.000ns fall@5.000ns period=10.000ns})
  Path Group:             sys_clk_pin
  Path Type:              Hold (Min at Fast Process Corner)
  Requirement:            0.000ns  (sys_clk_pin rise@0.000ns - sys_clk_pin rise@0.000ns)
  Data Path Delay:        0.386ns  (logic 0.252ns (65.343%)  route 0.134ns (34.657%))
  Logic Levels:           1  (CARRY4=1)
  Clock Path Skew:        0.000ns (DCD - SCD - CPR)
    Destination Clock Delay (DCD):    2.037ns
    Source Clock Delay      (SCD):    1.520ns
    Clock Pessimism Removal (CPR):    0.516ns

    Location             Delay type                Incr(ns)  Path(ns)    Netlist Resource(s)
  -------------------------------------------------------------------    -------------------
                         (clock sys_clk_pin rise edge)
                                                      0.000     0.000 r  
    E3                                                0.000     0.000 r  CLK100MHZ (IN)
                         net (fo=0)                   0.000     0.000    CLK100MHZ
    E3                   IBUF (Prop_ibuf_I_O)         0.250     0.250 r  CLK100MHZ_IBUF_inst/O
                         net (fo=1, routed)           0.644     0.894    CLK100MHZ_IBUF
    BUFGCTRL_X0Y16       BUFG (Prop_bufg_I_O)         0.026     0.920 r  CLK100MHZ_IBUF_BUFG_inst/O
                         net (fo=39, routed)          0.601     1.520    clkgen_200kHz_inst/CLK
    SLICE_X4Y89          FDRE                                         r  clkgen_200kHz_inst/counter_2ms_reg[15]/C
  -------------------------------------------------------------------    -------------------
    SLICE_X4Y89          FDRE (Prop_fdre_C_Q)         0.141     1.661 r  clkgen_200kHz_inst/counter_2ms_reg[15]/Q
                         net (fo=2, routed)           0.134     1.795    clkgen_200kHz_inst/counter_2ms[15]
    SLICE_X4Y89          CARRY4 (Prop_carry4_S[2]_O[2])
                                                      0.111     1.906 r  clkgen_200kHz_inst/counter_2ms0_carry__2/O[2]
                         net (fo=1, routed)           0.000     1.906    clkgen_200kHz_inst/counter_2ms0_carry__2_n_5
    SLICE_X4Y89          FDRE                                         r  clkgen_200kHz_inst/counter_2ms_reg[15]/D
  -------------------------------------------------------------------    -------------------

                         (clock sys_clk_pin rise edge)
                                                      0.000     0.000 r  
    E3                                                0.000     0.000 r  CLK100MHZ (IN)
                         net (fo=0)                   0.000     0.000    CLK100MHZ
    E3                   IBUF (Prop_ibuf_I_O)         0.438     0.438 r  CLK100MHZ_IBUF_inst/O
                         net (fo=1, routed)           0.699     1.136    CLK100MHZ_IBUF
    BUFGCTRL_X0Y16       BUFG (Prop_bufg_I_O)         0.029     1.165 r  CLK100MHZ_IBUF_BUFG_inst/O
                         net (fo=39, routed)          0.872     2.037    clkgen_200kHz_inst/CLK
    SLICE_X4Y89          FDRE                                         r  clkgen_200kHz_inst/counter_2ms_reg[15]/C
                         clock pessimism             -0.516     1.520    
    SLICE_X4Y89          FDRE (Hold_fdre_C_D)         0.105     1.625    clkgen_200kHz_inst/counter_2ms_reg[15]
  -------------------------------------------------------------------
                         required time                         -1.625    
                         arrival time                           1.906    
  -------------------------------------------------------------------
                         slack                                  0.281    





Pulse Width Checks
--------------------------------------------------------------------------------------
Clock Name:         sys_clk_pin
Waveform(ns):       { 0.000 5.000 }
Period(ns):         10.000
Sources:            { CLK100MHZ }

Check Type        Corner  Lib Pin  Reference Pin  Required(ns)  Actual(ns)  Slack(ns)  Location        Pin
Min Period        n/a     BUFG/I   n/a            2.155         10.000      7.845      BUFGCTRL_X0Y16  CLK100MHZ_IBUF_BUFG_inst/I
Min Period        n/a     FDRE/C   n/a            1.000         10.000      9.000      SLICE_X2Y87     clkgen_200kHz_inst/clk_2ms_reg_reg/C
Min Period        n/a     FDRE/C   n/a            1.000         10.000      9.000      SLICE_X52Y96    clkgen_200kHz_inst/clk_reg_reg/C
Min Period        n/a     FDRE/C   n/a            1.000         10.000      9.000      SLICE_X5Y86     clkgen_200kHz_inst/counter_2ms_reg[0]/C
Min Period        n/a     FDRE/C   n/a            1.000         10.000      9.000      SLICE_X4Y88     clkgen_200kHz_inst/counter_2ms_reg[10]/C
Min Period        n/a     FDRE/C   n/a            1.000         10.000      9.000      SLICE_X4Y88     clkgen_200kHz_inst/counter_2ms_reg[11]/C
Min Period        n/a     FDRE/C   n/a            1.000         10.000      9.000      SLICE_X4Y88     clkgen_200kHz_inst/counter_2ms_reg[12]/C
Min Period        n/a     FDRE/C   n/a            1.000         10.000      9.000      SLICE_X4Y89     clkgen_200kHz_inst/counter_2ms_reg[13]/C
Min Period        n/a     FDRE/C   n/a            1.000         10.000      9.000      SLICE_X4Y89     clkgen_200kHz_inst/counter_2ms_reg[14]/C
Min Period        n/a     FDRE/C   n/a            1.000         10.000      9.000      SLICE_X4Y89     clkgen_200kHz_inst/counter_2ms_reg[15]/C
Low Pulse Width   Slow    FDRE/C   n/a            0.500         5.000       4.500      SLICE_X2Y87     clkgen_200kHz_inst/clk_2ms_reg_reg/C
Low Pulse Width   Fast    FDRE/C   n/a            0.500         5.000       4.500      SLICE_X2Y87     clkgen_200kHz_inst/clk_2ms_reg_reg/C
Low Pulse Width   Slow    FDRE/C   n/a            0.500         5.000       4.500      SLICE_X52Y96    clkgen_200kHz_inst/clk_reg_reg/C
Low Pulse Width   Fast    FDRE/C   n/a            0.500         5.000       4.500      SLICE_X52Y96    clkgen_200kHz_inst/clk_reg_reg/C
Low Pulse Width   Slow    FDRE/C   n/a            0.500         5.000       4.500      SLICE_X5Y86     clkgen_200kHz_inst/counter_2ms_reg[0]/C
Low Pulse Width   Fast    FDRE/C   n/a            0.500         5.000       4.500      SLICE_X5Y86     clkgen_200kHz_inst/counter_2ms_reg[0]/C
Low Pulse Width   Slow    FDRE/C   n/a            0.500         5.000       4.500      SLICE_X4Y88     clkgen_200kHz_inst/counter_2ms_reg[10]/C
Low Pulse Width   Fast    FDRE/C   n/a            0.500         5.000       4.500      SLICE_X4Y88     clkgen_200kHz_inst/counter_2ms_reg[10]/C
Low Pulse Width   Slow    FDRE/C   n/a            0.500         5.000       4.500      SLICE_X4Y88     clkgen_200kHz_inst/counter_2ms_reg[11]/C
Low Pulse Width   Fast    FDRE/C   n/a            0.500         5.000       4.500      SLICE_X4Y88     clkgen_200kHz_inst/counter_2ms_reg[11]/C
High Pulse Width  Slow    FDRE/C   n/a            0.500         5.000       4.500      SLICE_X2Y87     clkgen_200kHz_inst/clk_2ms_reg_reg/C
High Pulse Width  Fast    FDRE/C   n/a            0.500         5.000       4.500      SLICE_X2Y87     clkgen_200kHz_inst/clk_2ms_reg_reg/C
High Pulse Width  Slow    FDRE/C   n/a            0.500         5.000       4.500      SLICE_X52Y96    clkgen_200kHz_inst/clk_reg_reg/C
High Pulse Width  Fast    FDRE/C   n/a            0.500         5.000       4.500      SLICE_X52Y96    clkgen_200kHz_inst/clk_reg_reg/C
High Pulse Width  Slow    FDRE/C   n/a            0.500         5.000       4.500      SLICE_X5Y86     clkgen_200kHz_inst/counter_2ms_reg[0]/C
High Pulse Width  Fast    FDRE/C   n/a            0.500         5.000       4.500      SLICE_X5Y86     clkgen_200kHz_inst/counter_2ms_reg[0]/C
High Pulse Width  Slow    FDRE/C   n/a            0.500         5.000       4.500      SLICE_X4Y88     clkgen_200kHz_inst/counter_2ms_reg[10]/C
High Pulse Width  Fast    FDRE/C   n/a            0.500         5.000       4.500      SLICE_X4Y88     clkgen_200kHz_inst/counter_2ms_reg[10]/C
High Pulse Width  Slow    FDRE/C   n/a            0.500         5.000       4.500      SLICE_X4Y88     clkgen_200kHz_inst/counter_2ms_reg[11]/C
High Pulse Width  Fast    FDRE/C   n/a            0.500         5.000       4.500      SLICE_X4Y88     clkgen_200kHz_inst/counter_2ms_reg[11]/C



--------------------------------------------------------------------------------------
Path Group:  (none)
From Clock:  
  To Clock:  

Max Delay            90 Endpoints
Min Delay            90 Endpoints
--------------------------------------------------------------------------------------


Max Delay Paths
--------------------------------------------------------------------------------------
Slack:                    inf
  Source:                 i2c_master_inst/count_reg[0]/C
                            (rising edge-triggered cell FDCE)
  Destination:            i2c_master_inst/tMSB_reg[2]/D
  Path Group:             (none)
  Path Type:              Max at Slow Process Corner
  Data Path Delay:        23.313ns  (logic 7.819ns (33.539%)  route 15.494ns (66.461%))
  Logic Levels:           26  (CARRY4=13 FDCE=1 LUT1=1 LUT2=1 LUT3=1 LUT4=2 LUT5=2 LUT6=5)

    Location             Delay type                Incr(ns)  Path(ns)    Netlist Resource(s)
  -------------------------------------------------------------------    -------------------
    SLICE_X2Y91          FDCE                         0.000     0.000 r  i2c_master_inst/count_reg[0]/C
    SLICE_X2Y91          FDCE (Prop_fdce_C_Q)         0.518     0.518 r  i2c_master_inst/count_reg[0]/Q
                         net (fo=52, routed)          1.732     2.250    i2c_master_inst/count_reg_n_0_[0]
    SLICE_X3Y92          CARRY4 (Prop_carry4_CYINIT_O[2])
                                                      0.584     2.834 f  i2c_master_inst/tMSB5_carry/O[2]
                         net (fo=10, routed)          1.128     3.961    i2c_master_inst/tMSB5_carry_n_5
    SLICE_X1Y93          LUT1 (Prop_lut1_I0_O)        0.302     4.263 r  i2c_master_inst/tMSB3__1_carry_i_9/O
                         net (fo=1, routed)           0.000     4.263    i2c_master_inst/tMSB3__1_carry_i_9_n_0
    SLICE_X1Y93          CARRY4 (Prop_carry4_S[2]_CO[3])
                                                      0.398     4.661 r  i2c_master_inst/tMSB3__1_carry_i_7/CO[3]
                         net (fo=1, routed)           0.000     4.661    i2c_master_inst/tMSB3__1_carry_i_7_n_0
    SLICE_X1Y94          CARRY4 (Prop_carry4_CI_CO[3])
                                                      0.114     4.775 r  i2c_master_inst/tMSB3__1_carry__2_i_9/CO[3]
                         net (fo=1, routed)           0.000     4.775    i2c_master_inst/tMSB3__1_carry__2_i_9_n_0
    SLICE_X1Y95          CARRY4 (Prop_carry4_CI_O[0])
                                                      0.222     4.997 r  i2c_master_inst/tMSB3__1_carry__3_i_4/O[0]
                         net (fo=3, routed)           1.139     6.136    i2c_master_inst/tMSB5[9]
    SLICE_X1Y96          LUT3 (Prop_lut3_I2_O)        0.327     6.463 r  i2c_master_inst/tMSB3__1_carry__1_i_9/O
                         net (fo=14, routed)          1.342     7.806    i2c_master_inst/tMSB3__1_carry__1_i_9_n_0
    SLICE_X5Y96          LUT6 (Prop_lut6_I5_O)        0.326     8.132 r  i2c_master_inst/tMSB3__1_carry__1_i_14/O
                         net (fo=2, routed)           0.815     8.947    i2c_master_inst/tMSB3__1_carry__1_i_14_n_0
    SLICE_X4Y96          LUT5 (Prop_lut5_I4_O)        0.124     9.071 r  i2c_master_inst/tMSB3__1_carry__1_i_2/O
                         net (fo=2, routed)           0.676     9.746    i2c_master_inst/tMSB3__1_carry__1_i_2_n_0
    SLICE_X2Y96          LUT6 (Prop_lut6_I0_O)        0.124     9.870 r  i2c_master_inst/tMSB3__1_carry__1_i_6/O
                         net (fo=1, routed)           0.000     9.870    i2c_master_inst/tMSB3__1_carry__1_i_6_n_0
    SLICE_X2Y96          CARRY4 (Prop_carry4_S[2]_CO[3])
                                                      0.380    10.250 r  i2c_master_inst/tMSB3__1_carry__1/CO[3]
                         net (fo=1, routed)           0.000    10.250    i2c_master_inst/tMSB3__1_carry__1_n_0
    SLICE_X2Y97          CARRY4 (Prop_carry4_CI_O[0])
                                                      0.219    10.469 r  i2c_master_inst/tMSB3__1_carry__2/O[0]
                         net (fo=10, routed)          0.849    11.318    i2c_master_inst/tMSB3__1_carry__2_n_7
    SLICE_X4Y97          LUT2 (Prop_lut2_I0_O)        0.295    11.613 r  i2c_master_inst/tMSB3__41_carry_i_3/O
                         net (fo=1, routed)           0.000    11.613    i2c_master_inst/tMSB3__41_carry_i_3_n_0
    SLICE_X4Y97          CARRY4 (Prop_carry4_S[1]_O[2])
                                                      0.580    12.193 r  i2c_master_inst/tMSB3__41_carry/O[2]
                         net (fo=3, routed)           0.973    13.166    i2c_master_inst/tMSB3__41_carry_n_5
    SLICE_X1Y96          LUT4 (Prop_lut4_I0_O)        0.302    13.468 r  i2c_master_inst/tMSB3__64_carry_i_1/O
                         net (fo=1, routed)           0.692    14.160    i2c_master_inst/tMSB3__64_carry_i_1_n_0
    SLICE_X3Y96          CARRY4 (Prop_carry4_DI[3]_CO[3])
                                                      0.385    14.545 r  i2c_master_inst/tMSB3__64_carry/CO[3]
                         net (fo=1, routed)           0.000    14.545    i2c_master_inst/tMSB3__64_carry_n_0
    SLICE_X3Y97          CARRY4 (Prop_carry4_CI_CO[3])
                                                      0.114    14.659 r  i2c_master_inst/tMSB3__64_carry__0/CO[3]
                         net (fo=1, routed)           0.000    14.659    i2c_master_inst/tMSB3__64_carry__0_n_0
    SLICE_X3Y98          CARRY4 (Prop_carry4_CI_CO[0])
                                                      0.271    14.930 r  i2c_master_inst/tMSB3__64_carry__1/CO[0]
                         net (fo=5, routed)           0.988    15.919    i2c_master_inst/tMSB3__64_carry__1_n_3
    SLICE_X1Y98          LUT5 (Prop_lut5_I0_O)        0.401    16.320 r  i2c_master_inst/tMSB[5]_i_2/O
                         net (fo=11, routed)          1.202    17.521    i2c_master_inst/tMSB[5]_i_2_n_0
    SLICE_X3Y101         LUT6 (Prop_lut6_I2_O)        0.326    17.847 r  i2c_master_inst/tMSB1_carry_i_1/O
                         net (fo=1, routed)           0.642    18.490    i2c_master_inst/tMSB1_carry_i_1_n_0
    SLICE_X2Y101         CARRY4 (Prop_carry4_DI[1]_CO[3])
                                                      0.520    19.010 r  i2c_master_inst/tMSB1_carry/CO[3]
                         net (fo=1, routed)           0.000    19.010    i2c_master_inst/tMSB1_carry_n_0
    SLICE_X2Y102         CARRY4 (Prop_carry4_CI_CO[3])
                                                      0.117    19.127 r  i2c_master_inst/tMSB1_carry__0/CO[3]
                         net (fo=1, routed)           0.000    19.127    i2c_master_inst/tMSB1_carry__0_n_0
    SLICE_X2Y103         CARRY4 (Prop_carry4_CI_O[3])
                                                      0.315    19.442 r  i2c_master_inst/tMSB1_carry__1/O[3]
                         net (fo=1, routed)           1.339    20.781    i2c_master_inst/tMSB1[13]
    SLICE_X4Y94          LUT6 (Prop_lut6_I2_O)        0.307    21.088 r  i2c_master_inst/tMSB[6]_i_5/O
                         net (fo=2, routed)           1.003    22.091    i2c_master_inst/tMSB[6]_i_5_n_0
    SLICE_X3Y102         LUT6 (Prop_lut6_I1_O)        0.124    22.215 r  i2c_master_inst/tMSB[3]_i_2/O
                         net (fo=4, routed)           0.974    23.189    i2c_master_inst/tMSB[3]_i_2_n_0
    SLICE_X0Y99          LUT4 (Prop_lut4_I2_O)        0.124    23.313 r  i2c_master_inst/tMSB[2]_i_1/O
                         net (fo=1, routed)           0.000    23.313    i2c_master_inst/tMSB[2]_i_1_n_0
    SLICE_X0Y99          FDRE                                         r  i2c_master_inst/tMSB_reg[2]/D
  -------------------------------------------------------------------    -------------------

Slack:                    inf
  Source:                 i2c_master_inst/count_reg[0]/C
                            (rising edge-triggered cell FDCE)
  Destination:            i2c_master_inst/tMSB_reg[3]/D
  Path Group:             (none)
  Path Type:              Max at Slow Process Corner
  Data Path Delay:        23.306ns  (logic 7.819ns (33.549%)  route 15.487ns (66.451%))
  Logic Levels:           26  (CARRY4=13 FDCE=1 LUT1=1 LUT2=1 LUT3=1 LUT4=1 LUT5=2 LUT6=6)

    Location             Delay type                Incr(ns)  Path(ns)    Netlist Resource(s)
  -------------------------------------------------------------------    -------------------
    SLICE_X2Y91          FDCE                         0.000     0.000 r  i2c_master_inst/count_reg[0]/C
    SLICE_X2Y91          FDCE (Prop_fdce_C_Q)         0.518     0.518 r  i2c_master_inst/count_reg[0]/Q
                         net (fo=52, routed)          1.732     2.250    i2c_master_inst/count_reg_n_0_[0]
    SLICE_X3Y92          CARRY4 (Prop_carry4_CYINIT_O[2])
                                                      0.584     2.834 f  i2c_master_inst/tMSB5_carry/O[2]
                         net (fo=10, routed)          1.128     3.961    i2c_master_inst/tMSB5_carry_n_5
    SLICE_X1Y93          LUT1 (Prop_lut1_I0_O)        0.302     4.263 r  i2c_master_inst/tMSB3__1_carry_i_9/O
                         net (fo=1, routed)           0.000     4.263    i2c_master_inst/tMSB3__1_carry_i_9_n_0
    SLICE_X1Y93          CARRY4 (Prop_carry4_S[2]_CO[3])
                                                      0.398     4.661 r  i2c_master_inst/tMSB3__1_carry_i_7/CO[3]
                         net (fo=1, routed)           0.000     4.661    i2c_master_inst/tMSB3__1_carry_i_7_n_0
    SLICE_X1Y94          CARRY4 (Prop_carry4_CI_CO[3])
                                                      0.114     4.775 r  i2c_master_inst/tMSB3__1_carry__2_i_9/CO[3]
                         net (fo=1, routed)           0.000     4.775    i2c_master_inst/tMSB3__1_carry__2_i_9_n_0
    SLICE_X1Y95          CARRY4 (Prop_carry4_CI_O[0])
                                                      0.222     4.997 r  i2c_master_inst/tMSB3__1_carry__3_i_4/O[0]
                         net (fo=3, routed)           1.139     6.136    i2c_master_inst/tMSB5[9]
    SLICE_X1Y96          LUT3 (Prop_lut3_I2_O)        0.327     6.463 r  i2c_master_inst/tMSB3__1_carry__1_i_9/O
                         net (fo=14, routed)          1.342     7.806    i2c_master_inst/tMSB3__1_carry__1_i_9_n_0
    SLICE_X5Y96          LUT6 (Prop_lut6_I5_O)        0.326     8.132 r  i2c_master_inst/tMSB3__1_carry__1_i_14/O
                         net (fo=2, routed)           0.815     8.947    i2c_master_inst/tMSB3__1_carry__1_i_14_n_0
    SLICE_X4Y96          LUT5 (Prop_lut5_I4_O)        0.124     9.071 r  i2c_master_inst/tMSB3__1_carry__1_i_2/O
                         net (fo=2, routed)           0.676     9.746    i2c_master_inst/tMSB3__1_carry__1_i_2_n_0
    SLICE_X2Y96          LUT6 (Prop_lut6_I0_O)        0.124     9.870 r  i2c_master_inst/tMSB3__1_carry__1_i_6/O
                         net (fo=1, routed)           0.000     9.870    i2c_master_inst/tMSB3__1_carry__1_i_6_n_0
    SLICE_X2Y96          CARRY4 (Prop_carry4_S[2]_CO[3])
                                                      0.380    10.250 r  i2c_master_inst/tMSB3__1_carry__1/CO[3]
                         net (fo=1, routed)           0.000    10.250    i2c_master_inst/tMSB3__1_carry__1_n_0
    SLICE_X2Y97          CARRY4 (Prop_carry4_CI_O[0])
                                                      0.219    10.469 r  i2c_master_inst/tMSB3__1_carry__2/O[0]
                         net (fo=10, routed)          0.849    11.318    i2c_master_inst/tMSB3__1_carry__2_n_7
    SLICE_X4Y97          LUT2 (Prop_lut2_I0_O)        0.295    11.613 r  i2c_master_inst/tMSB3__41_carry_i_3/O
                         net (fo=1, routed)           0.000    11.613    i2c_master_inst/tMSB3__41_carry_i_3_n_0
    SLICE_X4Y97          CARRY4 (Prop_carry4_S[1]_O[2])
                                                      0.580    12.193 r  i2c_master_inst/tMSB3__41_carry/O[2]
                         net (fo=3, routed)           0.973    13.166    i2c_master_inst/tMSB3__41_carry_n_5
    SLICE_X1Y96          LUT4 (Prop_lut4_I0_O)        0.302    13.468 r  i2c_master_inst/tMSB3__64_carry_i_1/O
                         net (fo=1, routed)           0.692    14.160    i2c_master_inst/tMSB3__64_carry_i_1_n_0
    SLICE_X3Y96          CARRY4 (Prop_carry4_DI[3]_CO[3])
                                                      0.385    14.545 r  i2c_master_inst/tMSB3__64_carry/CO[3]
                         net (fo=1, routed)           0.000    14.545    i2c_master_inst/tMSB3__64_carry_n_0
    SLICE_X3Y97          CARRY4 (Prop_carry4_CI_CO[3])
                                                      0.114    14.659 r  i2c_master_inst/tMSB3__64_carry__0/CO[3]
                         net (fo=1, routed)           0.000    14.659    i2c_master_inst/tMSB3__64_carry__0_n_0
    SLICE_X3Y98          CARRY4 (Prop_carry4_CI_CO[0])
                                                      0.271    14.930 r  i2c_master_inst/tMSB3__64_carry__1/CO[0]
                         net (fo=5, routed)           0.988    15.919    i2c_master_inst/tMSB3__64_carry__1_n_3
    SLICE_X1Y98          LUT5 (Prop_lut5_I0_O)        0.401    16.320 r  i2c_master_inst/tMSB[5]_i_2/O
                         net (fo=11, routed)          1.202    17.521    i2c_master_inst/tMSB[5]_i_2_n_0
    SLICE_X3Y101         LUT6 (Prop_lut6_I2_O)        0.326    17.847 r  i2c_master_inst/tMSB1_carry_i_1/O
                         net (fo=1, routed)           0.642    18.490    i2c_master_inst/tMSB1_carry_i_1_n_0
    SLICE_X2Y101         CARRY4 (Prop_carry4_DI[1]_CO[3])
                                                      0.520    19.010 r  i2c_master_inst/tMSB1_carry/CO[3]
                         net (fo=1, routed)           0.000    19.010    i2c_master_inst/tMSB1_carry_n_0
    SLICE_X2Y102         CARRY4 (Prop_carry4_CI_CO[3])
                                                      0.117    19.127 r  i2c_master_inst/tMSB1_carry__0/CO[3]
                         net (fo=1, routed)           0.000    19.127    i2c_master_inst/tMSB1_carry__0_n_0
    SLICE_X2Y103         CARRY4 (Prop_carry4_CI_O[3])
                                                      0.315    19.442 r  i2c_master_inst/tMSB1_carry__1/O[3]
                         net (fo=1, routed)           1.339    20.781    i2c_master_inst/tMSB1[13]
    SLICE_X4Y94          LUT6 (Prop_lut6_I2_O)        0.307    21.088 r  i2c_master_inst/tMSB[6]_i_5/O
                         net (fo=2, routed)           1.003    22.091    i2c_master_inst/tMSB[6]_i_5_n_0
    SLICE_X3Y102         LUT6 (Prop_lut6_I1_O)        0.124    22.215 r  i2c_master_inst/tMSB[3]_i_2/O
                         net (fo=4, routed)           0.967    23.182    i2c_master_inst/tMSB[3]_i_2_n_0
    SLICE_X0Y99          LUT6 (Prop_lut6_I4_O)        0.124    23.306 r  i2c_master_inst/tMSB[3]_i_1/O
                         net (fo=1, routed)           0.000    23.306    i2c_master_inst/tMSB[3]_i_1_n_0
    SLICE_X0Y99          FDRE                                         r  i2c_master_inst/tMSB_reg[3]/D
  -------------------------------------------------------------------    -------------------

Slack:                    inf
  Source:                 i2c_master_inst/count_reg[0]/C
                            (rising edge-triggered cell FDCE)
  Destination:            i2c_master_inst/tMSB_reg[4]/D
  Path Group:             (none)
  Path Type:              Max at Slow Process Corner
  Data Path Delay:        23.306ns  (logic 7.819ns (33.549%)  route 15.487ns (66.451%))
  Logic Levels:           26  (CARRY4=13 FDCE=1 LUT1=1 LUT2=1 LUT3=1 LUT4=2 LUT5=2 LUT6=5)

    Location             Delay type                Incr(ns)  Path(ns)    Netlist Resource(s)
  -------------------------------------------------------------------    -------------------
    SLICE_X2Y91          FDCE                         0.000     0.000 r  i2c_master_inst/count_reg[0]/C
    SLICE_X2Y91          FDCE (Prop_fdce_C_Q)         0.518     0.518 r  i2c_master_inst/count_reg[0]/Q
                         net (fo=52, routed)          1.732     2.250    i2c_master_inst/count_reg_n_0_[0]
    SLICE_X3Y92          CARRY4 (Prop_carry4_CYINIT_O[2])
                                                      0.584     2.834 f  i2c_master_inst/tMSB5_carry/O[2]
                         net (fo=10, routed)          1.128     3.961    i2c_master_inst/tMSB5_carry_n_5
    SLICE_X1Y93          LUT1 (Prop_lut1_I0_O)        0.302     4.263 r  i2c_master_inst/tMSB3__1_carry_i_9/O
                         net (fo=1, routed)           0.000     4.263    i2c_master_inst/tMSB3__1_carry_i_9_n_0
    SLICE_X1Y93          CARRY4 (Prop_carry4_S[2]_CO[3])
                                                      0.398     4.661 r  i2c_master_inst/tMSB3__1_carry_i_7/CO[3]
                         net (fo=1, routed)           0.000     4.661    i2c_master_inst/tMSB3__1_carry_i_7_n_0
    SLICE_X1Y94          CARRY4 (Prop_carry4_CI_CO[3])
                                                      0.114     4.775 r  i2c_master_inst/tMSB3__1_carry__2_i_9/CO[3]
                         net (fo=1, routed)           0.000     4.775    i2c_master_inst/tMSB3__1_carry__2_i_9_n_0
    SLICE_X1Y95          CARRY4 (Prop_carry4_CI_O[0])
                                                      0.222     4.997 r  i2c_master_inst/tMSB3__1_carry__3_i_4/O[0]
                         net (fo=3, routed)           1.139     6.136    i2c_master_inst/tMSB5[9]
    SLICE_X1Y96          LUT3 (Prop_lut3_I2_O)        0.327     6.463 r  i2c_master_inst/tMSB3__1_carry__1_i_9/O
                         net (fo=14, routed)          1.342     7.806    i2c_master_inst/tMSB3__1_carry__1_i_9_n_0
    SLICE_X5Y96          LUT6 (Prop_lut6_I5_O)        0.326     8.132 r  i2c_master_inst/tMSB3__1_carry__1_i_14/O
                         net (fo=2, routed)           0.815     8.947    i2c_master_inst/tMSB3__1_carry__1_i_14_n_0
    SLICE_X4Y96          LUT5 (Prop_lut5_I4_O)        0.124     9.071 r  i2c_master_inst/tMSB3__1_carry__1_i_2/O
                         net (fo=2, routed)           0.676     9.746    i2c_master_inst/tMSB3__1_carry__1_i_2_n_0
    SLICE_X2Y96          LUT6 (Prop_lut6_I0_O)        0.124     9.870 r  i2c_master_inst/tMSB3__1_carry__1_i_6/O
                         net (fo=1, routed)           0.000     9.870    i2c_master_inst/tMSB3__1_carry__1_i_6_n_0
    SLICE_X2Y96          CARRY4 (Prop_carry4_S[2]_CO[3])
                                                      0.380    10.250 r  i2c_master_inst/tMSB3__1_carry__1/CO[3]
                         net (fo=1, routed)           0.000    10.250    i2c_master_inst/tMSB3__1_carry__1_n_0
    SLICE_X2Y97          CARRY4 (Prop_carry4_CI_O[0])
                                                      0.219    10.469 r  i2c_master_inst/tMSB3__1_carry__2/O[0]
                         net (fo=10, routed)          0.849    11.318    i2c_master_inst/tMSB3__1_carry__2_n_7
    SLICE_X4Y97          LUT2 (Prop_lut2_I0_O)        0.295    11.613 r  i2c_master_inst/tMSB3__41_carry_i_3/O
                         net (fo=1, routed)           0.000    11.613    i2c_master_inst/tMSB3__41_carry_i_3_n_0
    SLICE_X4Y97          CARRY4 (Prop_carry4_S[1]_O[2])
                                                      0.580    12.193 r  i2c_master_inst/tMSB3__41_carry/O[2]
                         net (fo=3, routed)           0.973    13.166    i2c_master_inst/tMSB3__41_carry_n_5
    SLICE_X1Y96          LUT4 (Prop_lut4_I0_O)        0.302    13.468 r  i2c_master_inst/tMSB3__64_carry_i_1/O
                         net (fo=1, routed)           0.692    14.160    i2c_master_inst/tMSB3__64_carry_i_1_n_0
    SLICE_X3Y96          CARRY4 (Prop_carry4_DI[3]_CO[3])
                                                      0.385    14.545 r  i2c_master_inst/tMSB3__64_carry/CO[3]
                         net (fo=1, routed)           0.000    14.545    i2c_master_inst/tMSB3__64_carry_n_0
    SLICE_X3Y97          CARRY4 (Prop_carry4_CI_CO[3])
                                                      0.114    14.659 r  i2c_master_inst/tMSB3__64_carry__0/CO[3]
                         net (fo=1, routed)           0.000    14.659    i2c_master_inst/tMSB3__64_carry__0_n_0
    SLICE_X3Y98          CARRY4 (Prop_carry4_CI_CO[0])
                                                      0.271    14.930 r  i2c_master_inst/tMSB3__64_carry__1/CO[0]
                         net (fo=5, routed)           0.988    15.919    i2c_master_inst/tMSB3__64_carry__1_n_3
    SLICE_X1Y98          LUT5 (Prop_lut5_I0_O)        0.401    16.320 r  i2c_master_inst/tMSB[5]_i_2/O
                         net (fo=11, routed)          1.202    17.521    i2c_master_inst/tMSB[5]_i_2_n_0
    SLICE_X3Y101         LUT6 (Prop_lut6_I2_O)        0.326    17.847 r  i2c_master_inst/tMSB1_carry_i_1/O
                         net (fo=1, routed)           0.642    18.490    i2c_master_inst/tMSB1_carry_i_1_n_0
    SLICE_X2Y101         CARRY4 (Prop_carry4_DI[1]_CO[3])
                                                      0.520    19.010 r  i2c_master_inst/tMSB1_carry/CO[3]
                         net (fo=1, routed)           0.000    19.010    i2c_master_inst/tMSB1_carry_n_0
    SLICE_X2Y102         CARRY4 (Prop_carry4_CI_CO[3])
                                                      0.117    19.127 r  i2c_master_inst/tMSB1_carry__0/CO[3]
                         net (fo=1, routed)           0.000    19.127    i2c_master_inst/tMSB1_carry__0_n_0
    SLICE_X2Y103         CARRY4 (Prop_carry4_CI_O[3])
                                                      0.315    19.442 r  i2c_master_inst/tMSB1_carry__1/O[3]
                         net (fo=1, routed)           1.339    20.781    i2c_master_inst/tMSB1[13]
    SLICE_X4Y94          LUT6 (Prop_lut6_I2_O)        0.307    21.088 r  i2c_master_inst/tMSB[6]_i_5/O
                         net (fo=2, routed)           1.008    22.096    i2c_master_inst/tMSB[6]_i_5_n_0
    SLICE_X3Y102         LUT6 (Prop_lut6_I2_O)        0.124    22.220 r  i2c_master_inst/tMSB[6]_i_3/O
                         net (fo=3, routed)           0.962    23.182    i2c_master_inst/tMSB[6]_i_3_n_0
    SLICE_X1Y99          LUT4 (Prop_lut4_I2_O)        0.124    23.306 r  i2c_master_inst/tMSB[4]_i_1/O
                         net (fo=1, routed)           0.000    23.306    i2c_master_inst/tMSB[4]_i_1_n_0
    SLICE_X1Y99          FDRE                                         r  i2c_master_inst/tMSB_reg[4]/D
  -------------------------------------------------------------------    -------------------

Slack:                    inf
  Source:                 i2c_master_inst/count_reg[0]/C
                            (rising edge-triggered cell FDCE)
  Destination:            i2c_master_inst/tMSB_reg[1]/D
  Path Group:             (none)
  Path Type:              Max at Slow Process Corner
  Data Path Delay:        23.168ns  (logic 7.819ns (33.750%)  route 15.349ns (66.250%))
  Logic Levels:           26  (CARRY4=13 FDCE=1 LUT1=1 LUT2=1 LUT3=1 LUT4=1 LUT5=2 LUT6=6)

    Location             Delay type                Incr(ns)  Path(ns)    Netlist Resource(s)
  -------------------------------------------------------------------    -------------------
    SLICE_X2Y91          FDCE                         0.000     0.000 r  i2c_master_inst/count_reg[0]/C
    SLICE_X2Y91          FDCE (Prop_fdce_C_Q)         0.518     0.518 r  i2c_master_inst/count_reg[0]/Q
                         net (fo=52, routed)          1.732     2.250    i2c_master_inst/count_reg_n_0_[0]
    SLICE_X3Y92          CARRY4 (Prop_carry4_CYINIT_O[2])
                                                      0.584     2.834 f  i2c_master_inst/tMSB5_carry/O[2]
                         net (fo=10, routed)          1.128     3.961    i2c_master_inst/tMSB5_carry_n_5
    SLICE_X1Y93          LUT1 (Prop_lut1_I0_O)        0.302     4.263 r  i2c_master_inst/tMSB3__1_carry_i_9/O
                         net (fo=1, routed)           0.000     4.263    i2c_master_inst/tMSB3__1_carry_i_9_n_0
    SLICE_X1Y93          CARRY4 (Prop_carry4_S[2]_CO[3])
                                                      0.398     4.661 r  i2c_master_inst/tMSB3__1_carry_i_7/CO[3]
                         net (fo=1, routed)           0.000     4.661    i2c_master_inst/tMSB3__1_carry_i_7_n_0
    SLICE_X1Y94          CARRY4 (Prop_carry4_CI_CO[3])
                                                      0.114     4.775 r  i2c_master_inst/tMSB3__1_carry__2_i_9/CO[3]
                         net (fo=1, routed)           0.000     4.775    i2c_master_inst/tMSB3__1_carry__2_i_9_n_0
    SLICE_X1Y95          CARRY4 (Prop_carry4_CI_O[0])
                                                      0.222     4.997 r  i2c_master_inst/tMSB3__1_carry__3_i_4/O[0]
                         net (fo=3, routed)           1.139     6.136    i2c_master_inst/tMSB5[9]
    SLICE_X1Y96          LUT3 (Prop_lut3_I2_O)        0.327     6.463 r  i2c_master_inst/tMSB3__1_carry__1_i_9/O
                         net (fo=14, routed)          1.342     7.806    i2c_master_inst/tMSB3__1_carry__1_i_9_n_0
    SLICE_X5Y96          LUT6 (Prop_lut6_I5_O)        0.326     8.132 r  i2c_master_inst/tMSB3__1_carry__1_i_14/O
                         net (fo=2, routed)           0.815     8.947    i2c_master_inst/tMSB3__1_carry__1_i_14_n_0
    SLICE_X4Y96          LUT5 (Prop_lut5_I4_O)        0.124     9.071 r  i2c_master_inst/tMSB3__1_carry__1_i_2/O
                         net (fo=2, routed)           0.676     9.746    i2c_master_inst/tMSB3__1_carry__1_i_2_n_0
    SLICE_X2Y96          LUT6 (Prop_lut6_I0_O)        0.124     9.870 r  i2c_master_inst/tMSB3__1_carry__1_i_6/O
                         net (fo=1, routed)           0.000     9.870    i2c_master_inst/tMSB3__1_carry__1_i_6_n_0
    SLICE_X2Y96          CARRY4 (Prop_carry4_S[2]_CO[3])
                                                      0.380    10.250 r  i2c_master_inst/tMSB3__1_carry__1/CO[3]
                         net (fo=1, routed)           0.000    10.250    i2c_master_inst/tMSB3__1_carry__1_n_0
    SLICE_X2Y97          CARRY4 (Prop_carry4_CI_O[0])
                                                      0.219    10.469 r  i2c_master_inst/tMSB3__1_carry__2/O[0]
                         net (fo=10, routed)          0.849    11.318    i2c_master_inst/tMSB3__1_carry__2_n_7
    SLICE_X4Y97          LUT2 (Prop_lut2_I0_O)        0.295    11.613 r  i2c_master_inst/tMSB3__41_carry_i_3/O
                         net (fo=1, routed)           0.000    11.613    i2c_master_inst/tMSB3__41_carry_i_3_n_0
    SLICE_X4Y97          CARRY4 (Prop_carry4_S[1]_O[2])
                                                      0.580    12.193 r  i2c_master_inst/tMSB3__41_carry/O[2]
                         net (fo=3, routed)           0.973    13.166    i2c_master_inst/tMSB3__41_carry_n_5
    SLICE_X1Y96          LUT4 (Prop_lut4_I0_O)        0.302    13.468 r  i2c_master_inst/tMSB3__64_carry_i_1/O
                         net (fo=1, routed)           0.692    14.160    i2c_master_inst/tMSB3__64_carry_i_1_n_0
    SLICE_X3Y96          CARRY4 (Prop_carry4_DI[3]_CO[3])
                                                      0.385    14.545 r  i2c_master_inst/tMSB3__64_carry/CO[3]
                         net (fo=1, routed)           0.000    14.545    i2c_master_inst/tMSB3__64_carry_n_0
    SLICE_X3Y97          CARRY4 (Prop_carry4_CI_CO[3])
                                                      0.114    14.659 r  i2c_master_inst/tMSB3__64_carry__0/CO[3]
                         net (fo=1, routed)           0.000    14.659    i2c_master_inst/tMSB3__64_carry__0_n_0
    SLICE_X3Y98          CARRY4 (Prop_carry4_CI_CO[0])
                                                      0.271    14.930 r  i2c_master_inst/tMSB3__64_carry__1/CO[0]
                         net (fo=5, routed)           0.988    15.919    i2c_master_inst/tMSB3__64_carry__1_n_3
    SLICE_X1Y98          LUT5 (Prop_lut5_I0_O)        0.401    16.320 r  i2c_master_inst/tMSB[5]_i_2/O
                         net (fo=11, routed)          1.202    17.521    i2c_master_inst/tMSB[5]_i_2_n_0
    SLICE_X3Y101         LUT6 (Prop_lut6_I2_O)        0.326    17.847 r  i2c_master_inst/tMSB1_carry_i_1/O
                         net (fo=1, routed)           0.642    18.490    i2c_master_inst/tMSB1_carry_i_1_n_0
    SLICE_X2Y101         CARRY4 (Prop_carry4_DI[1]_CO[3])
                                                      0.520    19.010 r  i2c_master_inst/tMSB1_carry/CO[3]
                         net (fo=1, routed)           0.000    19.010    i2c_master_inst/tMSB1_carry_n_0
    SLICE_X2Y102         CARRY4 (Prop_carry4_CI_CO[3])
                                                      0.117    19.127 r  i2c_master_inst/tMSB1_carry__0/CO[3]
                         net (fo=1, routed)           0.000    19.127    i2c_master_inst/tMSB1_carry__0_n_0
    SLICE_X2Y103         CARRY4 (Prop_carry4_CI_O[3])
                                                      0.315    19.442 r  i2c_master_inst/tMSB1_carry__1/O[3]
                         net (fo=1, routed)           1.339    20.781    i2c_master_inst/tMSB1[13]
    SLICE_X4Y94          LUT6 (Prop_lut6_I2_O)        0.307    21.088 r  i2c_master_inst/tMSB[6]_i_5/O
                         net (fo=2, routed)           1.003    22.091    i2c_master_inst/tMSB[6]_i_5_n_0
    SLICE_X3Y102         LUT6 (Prop_lut6_I1_O)        0.124    22.215 r  i2c_master_inst/tMSB[3]_i_2/O
                         net (fo=4, routed)           0.829    23.044    i2c_master_inst/tMSB[3]_i_2_n_0
    SLICE_X0Y101         LUT6 (Prop_lut6_I4_O)        0.124    23.168 r  i2c_master_inst/tMSB[1]_i_1/O
                         net (fo=1, routed)           0.000    23.168    i2c_master_inst/tMSB[1]_i_1_n_0
    SLICE_X0Y101         FDRE                                         r  i2c_master_inst/tMSB_reg[1]/D
  -------------------------------------------------------------------    -------------------

Slack:                    inf
  Source:                 i2c_master_inst/count_reg[0]/C
                            (rising edge-triggered cell FDCE)
  Destination:            i2c_master_inst/tMSB_reg[5]/D
  Path Group:             (none)
  Path Type:              Max at Slow Process Corner
  Data Path Delay:        23.081ns  (logic 7.819ns (33.876%)  route 15.262ns (66.124%))
  Logic Levels:           26  (CARRY4=13 FDCE=1 LUT1=1 LUT2=1 LUT3=1 LUT4=1 LUT5=2 LUT6=6)

    Location             Delay type                Incr(ns)  Path(ns)    Netlist Resource(s)
  -------------------------------------------------------------------    -------------------
    SLICE_X2Y91          FDCE                         0.000     0.000 r  i2c_master_inst/count_reg[0]/C
    SLICE_X2Y91          FDCE (Prop_fdce_C_Q)         0.518     0.518 r  i2c_master_inst/count_reg[0]/Q
                         net (fo=52, routed)          1.732     2.250    i2c_master_inst/count_reg_n_0_[0]
    SLICE_X3Y92          CARRY4 (Prop_carry4_CYINIT_O[2])
                                                      0.584     2.834 f  i2c_master_inst/tMSB5_carry/O[2]
                         net (fo=10, routed)          1.128     3.961    i2c_master_inst/tMSB5_carry_n_5
    SLICE_X1Y93          LUT1 (Prop_lut1_I0_O)        0.302     4.263 r  i2c_master_inst/tMSB3__1_carry_i_9/O
                         net (fo=1, routed)           0.000     4.263    i2c_master_inst/tMSB3__1_carry_i_9_n_0
    SLICE_X1Y93          CARRY4 (Prop_carry4_S[2]_CO[3])
                                                      0.398     4.661 r  i2c_master_inst/tMSB3__1_carry_i_7/CO[3]
                         net (fo=1, routed)           0.000     4.661    i2c_master_inst/tMSB3__1_carry_i_7_n_0
    SLICE_X1Y94          CARRY4 (Prop_carry4_CI_CO[3])
                                                      0.114     4.775 r  i2c_master_inst/tMSB3__1_carry__2_i_9/CO[3]
                         net (fo=1, routed)           0.000     4.775    i2c_master_inst/tMSB3__1_carry__2_i_9_n_0
    SLICE_X1Y95          CARRY4 (Prop_carry4_CI_O[0])
                                                      0.222     4.997 r  i2c_master_inst/tMSB3__1_carry__3_i_4/O[0]
                         net (fo=3, routed)           1.139     6.136    i2c_master_inst/tMSB5[9]
    SLICE_X1Y96          LUT3 (Prop_lut3_I2_O)        0.327     6.463 r  i2c_master_inst/tMSB3__1_carry__1_i_9/O
                         net (fo=14, routed)          1.342     7.806    i2c_master_inst/tMSB3__1_carry__1_i_9_n_0
    SLICE_X5Y96          LUT6 (Prop_lut6_I5_O)        0.326     8.132 r  i2c_master_inst/tMSB3__1_carry__1_i_14/O
                         net (fo=2, routed)           0.815     8.947    i2c_master_inst/tMSB3__1_carry__1_i_14_n_0
    SLICE_X4Y96          LUT5 (Prop_lut5_I4_O)        0.124     9.071 r  i2c_master_inst/tMSB3__1_carry__1_i_2/O
                         net (fo=2, routed)           0.676     9.746    i2c_master_inst/tMSB3__1_carry__1_i_2_n_0
    SLICE_X2Y96          LUT6 (Prop_lut6_I0_O)        0.124     9.870 r  i2c_master_inst/tMSB3__1_carry__1_i_6/O
                         net (fo=1, routed)           0.000     9.870    i2c_master_inst/tMSB3__1_carry__1_i_6_n_0
    SLICE_X2Y96          CARRY4 (Prop_carry4_S[2]_CO[3])
                                                      0.380    10.250 r  i2c_master_inst/tMSB3__1_carry__1/CO[3]
                         net (fo=1, routed)           0.000    10.250    i2c_master_inst/tMSB3__1_carry__1_n_0
    SLICE_X2Y97          CARRY4 (Prop_carry4_CI_O[0])
                                                      0.219    10.469 r  i2c_master_inst/tMSB3__1_carry__2/O[0]
                         net (fo=10, routed)          0.849    11.318    i2c_master_inst/tMSB3__1_carry__2_n_7
    SLICE_X4Y97          LUT2 (Prop_lut2_I0_O)        0.295    11.613 r  i2c_master_inst/tMSB3__41_carry_i_3/O
                         net (fo=1, routed)           0.000    11.613    i2c_master_inst/tMSB3__41_carry_i_3_n_0
    SLICE_X4Y97          CARRY4 (Prop_carry4_S[1]_O[2])
                                                      0.580    12.193 r  i2c_master_inst/tMSB3__41_carry/O[2]
                         net (fo=3, routed)           0.973    13.166    i2c_master_inst/tMSB3__41_carry_n_5
    SLICE_X1Y96          LUT4 (Prop_lut4_I0_O)        0.302    13.468 r  i2c_master_inst/tMSB3__64_carry_i_1/O
                         net (fo=1, routed)           0.692    14.160    i2c_master_inst/tMSB3__64_carry_i_1_n_0
    SLICE_X3Y96          CARRY4 (Prop_carry4_DI[3]_CO[3])
                                                      0.385    14.545 r  i2c_master_inst/tMSB3__64_carry/CO[3]
                         net (fo=1, routed)           0.000    14.545    i2c_master_inst/tMSB3__64_carry_n_0
    SLICE_X3Y97          CARRY4 (Prop_carry4_CI_CO[3])
                                                      0.114    14.659 r  i2c_master_inst/tMSB3__64_carry__0/CO[3]
                         net (fo=1, routed)           0.000    14.659    i2c_master_inst/tMSB3__64_carry__0_n_0
    SLICE_X3Y98          CARRY4 (Prop_carry4_CI_CO[0])
                                                      0.271    14.930 r  i2c_master_inst/tMSB3__64_carry__1/CO[0]
                         net (fo=5, routed)           0.988    15.919    i2c_master_inst/tMSB3__64_carry__1_n_3
    SLICE_X1Y98          LUT5 (Prop_lut5_I0_O)        0.401    16.320 r  i2c_master_inst/tMSB[5]_i_2/O
                         net (fo=11, routed)          1.202    17.521    i2c_master_inst/tMSB[5]_i_2_n_0
    SLICE_X3Y101         LUT6 (Prop_lut6_I2_O)        0.326    17.847 r  i2c_master_inst/tMSB1_carry_i_1/O
                         net (fo=1, routed)           0.642    18.490    i2c_master_inst/tMSB1_carry_i_1_n_0
    SLICE_X2Y101         CARRY4 (Prop_carry4_DI[1]_CO[3])
                                                      0.520    19.010 r  i2c_master_inst/tMSB1_carry/CO[3]
                         net (fo=1, routed)           0.000    19.010    i2c_master_inst/tMSB1_carry_n_0
    SLICE_X2Y102         CARRY4 (Prop_carry4_CI_CO[3])
                                                      0.117    19.127 r  i2c_master_inst/tMSB1_carry__0/CO[3]
                         net (fo=1, routed)           0.000    19.127    i2c_master_inst/tMSB1_carry__0_n_0
    SLICE_X2Y103         CARRY4 (Prop_carry4_CI_O[3])
                                                      0.315    19.442 r  i2c_master_inst/tMSB1_carry__1/O[3]
                         net (fo=1, routed)           1.339    20.781    i2c_master_inst/tMSB1[13]
    SLICE_X4Y94          LUT6 (Prop_lut6_I2_O)        0.307    21.088 r  i2c_master_inst/tMSB[6]_i_5/O
                         net (fo=2, routed)           1.008    22.096    i2c_master_inst/tMSB[6]_i_5_n_0
    SLICE_X3Y102         LUT6 (Prop_lut6_I2_O)        0.124    22.220 r  i2c_master_inst/tMSB[6]_i_3/O
                         net (fo=3, routed)           0.737    22.957    i2c_master_inst/tMSB[6]_i_3_n_0
    SLICE_X1Y99          LUT6 (Prop_lut6_I4_O)        0.124    23.081 r  i2c_master_inst/tMSB[5]_i_1/O
                         net (fo=1, routed)           0.000    23.081    i2c_master_inst/tMSB[5]_i_1_n_0
    SLICE_X1Y99          FDRE                                         r  i2c_master_inst/tMSB_reg[5]/D
  -------------------------------------------------------------------    -------------------

Slack:                    inf
  Source:                 i2c_master_inst/count_reg[0]/C
                            (rising edge-triggered cell FDCE)
  Destination:            i2c_master_inst/tMSB_reg[0]/D
  Path Group:             (none)
  Path Type:              Max at Slow Process Corner
  Data Path Delay:        22.938ns  (logic 7.819ns (34.088%)  route 15.119ns (65.912%))
  Logic Levels:           26  (CARRY4=13 FDCE=1 LUT1=1 LUT2=1 LUT3=1 LUT4=2 LUT5=2 LUT6=5)

    Location             Delay type                Incr(ns)  Path(ns)    Netlist Resource(s)
  -------------------------------------------------------------------    -------------------
    SLICE_X2Y91          FDCE                         0.000     0.000 r  i2c_master_inst/count_reg[0]/C
    SLICE_X2Y91          FDCE (Prop_fdce_C_Q)         0.518     0.518 r  i2c_master_inst/count_reg[0]/Q
                         net (fo=52, routed)          1.732     2.250    i2c_master_inst/count_reg_n_0_[0]
    SLICE_X3Y92          CARRY4 (Prop_carry4_CYINIT_O[2])
                                                      0.584     2.834 f  i2c_master_inst/tMSB5_carry/O[2]
                         net (fo=10, routed)          1.128     3.961    i2c_master_inst/tMSB5_carry_n_5
    SLICE_X1Y93          LUT1 (Prop_lut1_I0_O)        0.302     4.263 r  i2c_master_inst/tMSB3__1_carry_i_9/O
                         net (fo=1, routed)           0.000     4.263    i2c_master_inst/tMSB3__1_carry_i_9_n_0
    SLICE_X1Y93          CARRY4 (Prop_carry4_S[2]_CO[3])
                                                      0.398     4.661 r  i2c_master_inst/tMSB3__1_carry_i_7/CO[3]
                         net (fo=1, routed)           0.000     4.661    i2c_master_inst/tMSB3__1_carry_i_7_n_0
    SLICE_X1Y94          CARRY4 (Prop_carry4_CI_CO[3])
                                                      0.114     4.775 r  i2c_master_inst/tMSB3__1_carry__2_i_9/CO[3]
                         net (fo=1, routed)           0.000     4.775    i2c_master_inst/tMSB3__1_carry__2_i_9_n_0
    SLICE_X1Y95          CARRY4 (Prop_carry4_CI_O[0])
                                                      0.222     4.997 r  i2c_master_inst/tMSB3__1_carry__3_i_4/O[0]
                         net (fo=3, routed)           1.139     6.136    i2c_master_inst/tMSB5[9]
    SLICE_X1Y96          LUT3 (Prop_lut3_I2_O)        0.327     6.463 r  i2c_master_inst/tMSB3__1_carry__1_i_9/O
                         net (fo=14, routed)          1.342     7.806    i2c_master_inst/tMSB3__1_carry__1_i_9_n_0
    SLICE_X5Y96          LUT6 (Prop_lut6_I5_O)        0.326     8.132 r  i2c_master_inst/tMSB3__1_carry__1_i_14/O
                         net (fo=2, routed)           0.815     8.947    i2c_master_inst/tMSB3__1_carry__1_i_14_n_0
    SLICE_X4Y96          LUT5 (Prop_lut5_I4_O)        0.124     9.071 r  i2c_master_inst/tMSB3__1_carry__1_i_2/O
                         net (fo=2, routed)           0.676     9.746    i2c_master_inst/tMSB3__1_carry__1_i_2_n_0
    SLICE_X2Y96          LUT6 (Prop_lut6_I0_O)        0.124     9.870 r  i2c_master_inst/tMSB3__1_carry__1_i_6/O
                         net (fo=1, routed)           0.000     9.870    i2c_master_inst/tMSB3__1_carry__1_i_6_n_0
    SLICE_X2Y96          CARRY4 (Prop_carry4_S[2]_CO[3])
                                                      0.380    10.250 r  i2c_master_inst/tMSB3__1_carry__1/CO[3]
                         net (fo=1, routed)           0.000    10.250    i2c_master_inst/tMSB3__1_carry__1_n_0
    SLICE_X2Y97          CARRY4 (Prop_carry4_CI_O[0])
                                                      0.219    10.469 r  i2c_master_inst/tMSB3__1_carry__2/O[0]
                         net (fo=10, routed)          0.849    11.318    i2c_master_inst/tMSB3__1_carry__2_n_7
    SLICE_X4Y97          LUT2 (Prop_lut2_I0_O)        0.295    11.613 r  i2c_master_inst/tMSB3__41_carry_i_3/O
                         net (fo=1, routed)           0.000    11.613    i2c_master_inst/tMSB3__41_carry_i_3_n_0
    SLICE_X4Y97          CARRY4 (Prop_carry4_S[1]_O[2])
                                                      0.580    12.193 r  i2c_master_inst/tMSB3__41_carry/O[2]
                         net (fo=3, routed)           0.973    13.166    i2c_master_inst/tMSB3__41_carry_n_5
    SLICE_X1Y96          LUT4 (Prop_lut4_I0_O)        0.302    13.468 r  i2c_master_inst/tMSB3__64_carry_i_1/O
                         net (fo=1, routed)           0.692    14.160    i2c_master_inst/tMSB3__64_carry_i_1_n_0
    SLICE_X3Y96          CARRY4 (Prop_carry4_DI[3]_CO[3])
                                                      0.385    14.545 r  i2c_master_inst/tMSB3__64_carry/CO[3]
                         net (fo=1, routed)           0.000    14.545    i2c_master_inst/tMSB3__64_carry_n_0
    SLICE_X3Y97          CARRY4 (Prop_carry4_CI_CO[3])
                                                      0.114    14.659 r  i2c_master_inst/tMSB3__64_carry__0/CO[3]
                         net (fo=1, routed)           0.000    14.659    i2c_master_inst/tMSB3__64_carry__0_n_0
    SLICE_X3Y98          CARRY4 (Prop_carry4_CI_CO[0])
                                                      0.271    14.930 r  i2c_master_inst/tMSB3__64_carry__1/CO[0]
                         net (fo=5, routed)           0.988    15.919    i2c_master_inst/tMSB3__64_carry__1_n_3
    SLICE_X1Y98          LUT5 (Prop_lut5_I0_O)        0.401    16.320 r  i2c_master_inst/tMSB[5]_i_2/O
                         net (fo=11, routed)          1.202    17.521    i2c_master_inst/tMSB[5]_i_2_n_0
    SLICE_X3Y101         LUT6 (Prop_lut6_I2_O)        0.326    17.847 r  i2c_master_inst/tMSB1_carry_i_1/O
                         net (fo=1, routed)           0.642    18.490    i2c_master_inst/tMSB1_carry_i_1_n_0
    SLICE_X2Y101         CARRY4 (Prop_carry4_DI[1]_CO[3])
                                                      0.520    19.010 r  i2c_master_inst/tMSB1_carry/CO[3]
                         net (fo=1, routed)           0.000    19.010    i2c_master_inst/tMSB1_carry_n_0
    SLICE_X2Y102         CARRY4 (Prop_carry4_CI_CO[3])
                                                      0.117    19.127 r  i2c_master_inst/tMSB1_carry__0/CO[3]
                         net (fo=1, routed)           0.000    19.127    i2c_master_inst/tMSB1_carry__0_n_0
    SLICE_X2Y103         CARRY4 (Prop_carry4_CI_O[3])
                                                      0.315    19.442 r  i2c_master_inst/tMSB1_carry__1/O[3]
                         net (fo=1, routed)           1.339    20.781    i2c_master_inst/tMSB1[13]
    SLICE_X4Y94          LUT6 (Prop_lut6_I2_O)        0.307    21.088 r  i2c_master_inst/tMSB[6]_i_5/O
                         net (fo=2, routed)           1.003    22.091    i2c_master_inst/tMSB[6]_i_5_n_0
    SLICE_X3Y102         LUT6 (Prop_lut6_I1_O)        0.124    22.215 r  i2c_master_inst/tMSB[3]_i_2/O
                         net (fo=4, routed)           0.599    22.814    i2c_master_inst/tMSB[3]_i_2_n_0
    SLICE_X0Y100         LUT4 (Prop_lut4_I2_O)        0.124    22.938 r  i2c_master_inst/tMSB[0]_i_1/O
                         net (fo=1, routed)           0.000    22.938    i2c_master_inst/tMSB[0]_i_1_n_0
    SLICE_X0Y100         FDRE                                         r  i2c_master_inst/tMSB_reg[0]/D
  -------------------------------------------------------------------    -------------------

Slack:                    inf
  Source:                 i2c_master_inst/count_reg[0]/C
                            (rising edge-triggered cell FDCE)
  Destination:            i2c_master_inst/tMSB_reg[6]/D
  Path Group:             (none)
  Path Type:              Max at Slow Process Corner
  Data Path Delay:        22.799ns  (logic 7.819ns (34.295%)  route 14.980ns (65.705%))
  Logic Levels:           26  (CARRY4=13 FDCE=1 LUT1=1 LUT2=1 LUT3=1 LUT4=2 LUT5=2 LUT6=5)

    Location             Delay type                Incr(ns)  Path(ns)    Netlist Resource(s)
  -------------------------------------------------------------------    -------------------
    SLICE_X2Y91          FDCE                         0.000     0.000 r  i2c_master_inst/count_reg[0]/C
    SLICE_X2Y91          FDCE (Prop_fdce_C_Q)         0.518     0.518 r  i2c_master_inst/count_reg[0]/Q
                         net (fo=52, routed)          1.732     2.250    i2c_master_inst/count_reg_n_0_[0]
    SLICE_X3Y92          CARRY4 (Prop_carry4_CYINIT_O[2])
                                                      0.584     2.834 f  i2c_master_inst/tMSB5_carry/O[2]
                         net (fo=10, routed)          1.128     3.961    i2c_master_inst/tMSB5_carry_n_5
    SLICE_X1Y93          LUT1 (Prop_lut1_I0_O)        0.302     4.263 r  i2c_master_inst/tMSB3__1_carry_i_9/O
                         net (fo=1, routed)           0.000     4.263    i2c_master_inst/tMSB3__1_carry_i_9_n_0
    SLICE_X1Y93          CARRY4 (Prop_carry4_S[2]_CO[3])
                                                      0.398     4.661 r  i2c_master_inst/tMSB3__1_carry_i_7/CO[3]
                         net (fo=1, routed)           0.000     4.661    i2c_master_inst/tMSB3__1_carry_i_7_n_0
    SLICE_X1Y94          CARRY4 (Prop_carry4_CI_CO[3])
                                                      0.114     4.775 r  i2c_master_inst/tMSB3__1_carry__2_i_9/CO[3]
                         net (fo=1, routed)           0.000     4.775    i2c_master_inst/tMSB3__1_carry__2_i_9_n_0
    SLICE_X1Y95          CARRY4 (Prop_carry4_CI_O[0])
                                                      0.222     4.997 r  i2c_master_inst/tMSB3__1_carry__3_i_4/O[0]
                         net (fo=3, routed)           1.139     6.136    i2c_master_inst/tMSB5[9]
    SLICE_X1Y96          LUT3 (Prop_lut3_I2_O)        0.327     6.463 r  i2c_master_inst/tMSB3__1_carry__1_i_9/O
                         net (fo=14, routed)          1.342     7.806    i2c_master_inst/tMSB3__1_carry__1_i_9_n_0
    SLICE_X5Y96          LUT6 (Prop_lut6_I5_O)        0.326     8.132 r  i2c_master_inst/tMSB3__1_carry__1_i_14/O
                         net (fo=2, routed)           0.815     8.947    i2c_master_inst/tMSB3__1_carry__1_i_14_n_0
    SLICE_X4Y96          LUT5 (Prop_lut5_I4_O)        0.124     9.071 r  i2c_master_inst/tMSB3__1_carry__1_i_2/O
                         net (fo=2, routed)           0.676     9.746    i2c_master_inst/tMSB3__1_carry__1_i_2_n_0
    SLICE_X2Y96          LUT6 (Prop_lut6_I0_O)        0.124     9.870 r  i2c_master_inst/tMSB3__1_carry__1_i_6/O
                         net (fo=1, routed)           0.000     9.870    i2c_master_inst/tMSB3__1_carry__1_i_6_n_0
    SLICE_X2Y96          CARRY4 (Prop_carry4_S[2]_CO[3])
                                                      0.380    10.250 r  i2c_master_inst/tMSB3__1_carry__1/CO[3]
                         net (fo=1, routed)           0.000    10.250    i2c_master_inst/tMSB3__1_carry__1_n_0
    SLICE_X2Y97          CARRY4 (Prop_carry4_CI_O[0])
                                                      0.219    10.469 r  i2c_master_inst/tMSB3__1_carry__2/O[0]
                         net (fo=10, routed)          0.849    11.318    i2c_master_inst/tMSB3__1_carry__2_n_7
    SLICE_X4Y97          LUT2 (Prop_lut2_I0_O)        0.295    11.613 r  i2c_master_inst/tMSB3__41_carry_i_3/O
                         net (fo=1, routed)           0.000    11.613    i2c_master_inst/tMSB3__41_carry_i_3_n_0
    SLICE_X4Y97          CARRY4 (Prop_carry4_S[1]_O[2])
                                                      0.580    12.193 r  i2c_master_inst/tMSB3__41_carry/O[2]
                         net (fo=3, routed)           0.973    13.166    i2c_master_inst/tMSB3__41_carry_n_5
    SLICE_X1Y96          LUT4 (Prop_lut4_I0_O)        0.302    13.468 r  i2c_master_inst/tMSB3__64_carry_i_1/O
                         net (fo=1, routed)           0.692    14.160    i2c_master_inst/tMSB3__64_carry_i_1_n_0
    SLICE_X3Y96          CARRY4 (Prop_carry4_DI[3]_CO[3])
                                                      0.385    14.545 r  i2c_master_inst/tMSB3__64_carry/CO[3]
                         net (fo=1, routed)           0.000    14.545    i2c_master_inst/tMSB3__64_carry_n_0
    SLICE_X3Y97          CARRY4 (Prop_carry4_CI_CO[3])
                                                      0.114    14.659 r  i2c_master_inst/tMSB3__64_carry__0/CO[3]
                         net (fo=1, routed)           0.000    14.659    i2c_master_inst/tMSB3__64_carry__0_n_0
    SLICE_X3Y98          CARRY4 (Prop_carry4_CI_CO[0])
                                                      0.271    14.930 r  i2c_master_inst/tMSB3__64_carry__1/CO[0]
                         net (fo=5, routed)           0.988    15.919    i2c_master_inst/tMSB3__64_carry__1_n_3
    SLICE_X1Y98          LUT5 (Prop_lut5_I0_O)        0.401    16.320 r  i2c_master_inst/tMSB[5]_i_2/O
                         net (fo=11, routed)          1.202    17.521    i2c_master_inst/tMSB[5]_i_2_n_0
    SLICE_X3Y101         LUT6 (Prop_lut6_I2_O)        0.326    17.847 r  i2c_master_inst/tMSB1_carry_i_1/O
                         net (fo=1, routed)           0.642    18.490    i2c_master_inst/tMSB1_carry_i_1_n_0
    SLICE_X2Y101         CARRY4 (Prop_carry4_DI[1]_CO[3])
                                                      0.520    19.010 r  i2c_master_inst/tMSB1_carry/CO[3]
                         net (fo=1, routed)           0.000    19.010    i2c_master_inst/tMSB1_carry_n_0
    SLICE_X2Y102         CARRY4 (Prop_carry4_CI_CO[3])
                                                      0.117    19.127 r  i2c_master_inst/tMSB1_carry__0/CO[3]
                         net (fo=1, routed)           0.000    19.127    i2c_master_inst/tMSB1_carry__0_n_0
    SLICE_X2Y103         CARRY4 (Prop_carry4_CI_O[3])
                                                      0.315    19.442 r  i2c_master_inst/tMSB1_carry__1/O[3]
                         net (fo=1, routed)           1.339    20.781    i2c_master_inst/tMSB1[13]
    SLICE_X4Y94          LUT6 (Prop_lut6_I2_O)        0.307    21.088 r  i2c_master_inst/tMSB[6]_i_5/O
                         net (fo=2, routed)           1.008    22.096    i2c_master_inst/tMSB[6]_i_5_n_0
    SLICE_X3Y102         LUT6 (Prop_lut6_I2_O)        0.124    22.220 r  i2c_master_inst/tMSB[6]_i_3/O
                         net (fo=3, routed)           0.455    22.675    i2c_master_inst/tMSB[6]_i_3_n_0
    SLICE_X1Y99          LUT4 (Prop_lut4_I2_O)        0.124    22.799 r  i2c_master_inst/tMSB[6]_i_1/O
                         net (fo=1, routed)           0.000    22.799    i2c_master_inst/tMSB[6]_i_1_n_0
    SLICE_X1Y99          FDRE                                         r  i2c_master_inst/tMSB_reg[6]/D
  -------------------------------------------------------------------    -------------------

Slack:                    inf
  Source:                 i2c_master_inst/count_reg[4]/C
                            (rising edge-triggered cell FDCE)
  Destination:            i2c_master_inst/tLSB_reg[7]/D
  Path Group:             (none)
  Path Type:              Max at Slow Process Corner
  Data Path Delay:        22.788ns  (logic 7.685ns (33.723%)  route 15.103ns (66.277%))
  Logic Levels:           26  (CARRY4=11 FDCE=1 LUT1=2 LUT2=1 LUT3=1 LUT4=2 LUT5=2 LUT6=6)

    Location             Delay type                Incr(ns)  Path(ns)    Netlist Resource(s)
  -------------------------------------------------------------------    -------------------
    SLICE_X0Y90          FDCE                         0.000     0.000 r  i2c_master_inst/count_reg[4]/C
    SLICE_X0Y90          FDCE (Prop_fdce_C_Q)         0.456     0.456 f  i2c_master_inst/count_reg[4]/Q
                         net (fo=21, routed)          1.490     1.946    i2c_master_inst/count_reg_n_0_[4]
    SLICE_X7Y94          LUT1 (Prop_lut1_I0_O)        0.124     2.070 r  i2c_master_inst/tLSB5_carry_i_1/O
                         net (fo=1, routed)           0.000     2.070    i2c_master_inst/tLSB5_carry_i_1_n_0
    SLICE_X7Y94          CARRY4 (Prop_carry4_S[3]_CO[3])
                                                      0.401     2.471 r  i2c_master_inst/tLSB5_carry/CO[3]
                         net (fo=1, routed)           0.000     2.471    i2c_master_inst/tLSB5_carry_n_0
    SLICE_X7Y95          CARRY4 (Prop_carry4_CI_O[3])
                                                      0.313     2.784 f  i2c_master_inst/tLSB5_carry__0/O[3]
                         net (fo=8, routed)           1.268     4.052    i2c_master_inst/tLSB5_carry__0_n_4
    SLICE_X10Y97         LUT1 (Prop_lut1_I0_O)        0.306     4.358 r  i2c_master_inst/tLSB3__1_carry__2_i_12/O
                         net (fo=1, routed)           0.000     4.358    i2c_master_inst/tLSB3__1_carry__2_i_12_n_0
    SLICE_X10Y97         CARRY4 (Prop_carry4_S[3]_CO[3])
                                                      0.376     4.734 r  i2c_master_inst/tLSB3__1_carry__2_i_9/CO[3]
                         net (fo=1, routed)           0.000     4.734    i2c_master_inst/tLSB3__1_carry__2_i_9_n_0
    SLICE_X10Y98         CARRY4 (Prop_carry4_CI_O[0])
                                                      0.219     4.953 r  i2c_master_inst/tLSB3__1_carry__3_i_4/O[0]
                         net (fo=3, routed)           0.829     5.782    i2c_master_inst/tLSB5[9]
    SLICE_X10Y99         LUT3 (Prop_lut3_I2_O)        0.317     6.099 r  i2c_master_inst/tLSB3__1_carry__1_i_9/O
                         net (fo=14, routed)          1.355     7.454    i2c_master_inst/tLSB3__1_carry__1_i_9_n_0
    SLICE_X10Y95         LUT6 (Prop_lut6_I5_O)        0.328     7.782 r  i2c_master_inst/tLSB3__1_carry__1_i_14/O
                         net (fo=2, routed)           0.831     8.612    i2c_master_inst/tLSB3__1_carry__1_i_14_n_0
    SLICE_X8Y95          LUT5 (Prop_lut5_I4_O)        0.124     8.736 r  i2c_master_inst/tLSB3__1_carry__1_i_2/O
                         net (fo=2, routed)           1.025     9.762    i2c_master_inst/tLSB3__1_carry__1_i_2_n_0
    SLICE_X9Y96          LUT6 (Prop_lut6_I0_O)        0.124     9.886 r  i2c_master_inst/tLSB3__1_carry__1_i_6/O
                         net (fo=1, routed)           0.000     9.886    i2c_master_inst/tLSB3__1_carry__1_i_6_n_0
    SLICE_X9Y96          CARRY4 (Prop_carry4_S[2]_CO[3])
                                                      0.398    10.284 r  i2c_master_inst/tLSB3__1_carry__1/CO[3]
                         net (fo=1, routed)           0.000    10.284    i2c_master_inst/tLSB3__1_carry__1_n_0
    SLICE_X9Y97          CARRY4 (Prop_carry4_CI_O[0])
                                                      0.222    10.506 r  i2c_master_inst/tLSB3__1_carry__2/O[0]
                         net (fo=10, routed)          1.073    11.579    i2c_master_inst/tLSB3__1_carry__2_n_7
    SLICE_X8Y97          LUT2 (Prop_lut2_I0_O)        0.299    11.878 r  i2c_master_inst/tLSB3__41_carry_i_3/O
                         net (fo=1, routed)           0.000    11.878    i2c_master_inst/tLSB3__41_carry_i_3_n_0
    SLICE_X8Y97          CARRY4 (Prop_carry4_S[1]_CO[3])
                                                      0.533    12.411 r  i2c_master_inst/tLSB3__41_carry/CO[3]
                         net (fo=1, routed)           0.000    12.411    i2c_master_inst/tLSB3__41_carry_n_0
    SLICE_X8Y98          CARRY4 (Prop_carry4_CI_O[3])
                                                      0.315    12.726 r  i2c_master_inst/tLSB3__41_carry__0/O[3]
                         net (fo=3, routed)           0.912    13.638    i2c_master_inst/tLSB3__41_carry__0_n_4
    SLICE_X7Y98          LUT4 (Prop_lut4_I0_O)        0.335    13.973 r  i2c_master_inst/tLSB3__64_carry__1_i_1/O
                         net (fo=1, routed)           0.720    14.693    i2c_master_inst/tLSB3__64_carry__1_i_1_n_0
    SLICE_X11Y98         CARRY4 (Prop_carry4_DI[0]_CO[0])
                                                      0.581    15.274 f  i2c_master_inst/tLSB3__64_carry__1/CO[0]
                         net (fo=2, routed)           0.836    16.110    i2c_master_inst/tLSB3__64_carry__1_n_3
    SLICE_X9Y99          LUT5 (Prop_lut5_I0_O)        0.373    16.483 r  i2c_master_inst/tLSB1_carry_i_6/O
                         net (fo=7, routed)           1.146    17.628    i2c_master_inst/tLSB1_carry_i_6_n_0
    SLICE_X6Y99          LUT6 (Prop_lut6_I4_O)        0.124    17.752 f  i2c_master_inst/tLSB1_carry_i_8/O
                         net (fo=9, routed)           1.558    19.311    i2c_master_inst/tLSB1_carry_i_8_n_0
    SLICE_X7Y101         LUT6 (Prop_lut6_I0_O)        0.124    19.435 r  i2c_master_inst/tLSB1_carry__1_i_1/O
                         net (fo=1, routed)           0.000    19.435    i2c_master_inst/tLSB1_carry__1_i_1_n_0
    SLICE_X7Y101         CARRY4 (Prop_carry4_S[3]_CO[3])
                                                      0.401    19.836 r  i2c_master_inst/tLSB1_carry__1/CO[3]
                         net (fo=1, routed)           0.000    19.836    i2c_master_inst/tLSB1_carry__1_n_0
    SLICE_X7Y102         CARRY4 (Prop_carry4_CI_CO[0])
                                                      0.271    20.107 f  i2c_master_inst/tLSB_reg[7]_i_10/CO[0]
                         net (fo=1, routed)           0.975    21.082    i2c_master_inst/tLSB_reg[7]_i_10_n_3
    SLICE_X6Y100         LUT4 (Prop_lut4_I1_O)        0.373    21.455 r  i2c_master_inst/tLSB[7]_i_7/O
                         net (fo=1, routed)           0.286    21.741    i2c_master_inst/tLSB[7]_i_7_n_0
    SLICE_X6Y100         LUT6 (Prop_lut6_I5_O)        0.124    21.865 r  i2c_master_inst/tLSB[7]_i_4/O
                         net (fo=1, routed)           0.799    22.664    i2c_master_inst/tLSB[7]_i_4_n_0
    SLICE_X5Y99          LUT6 (Prop_lut6_I3_O)        0.124    22.788 r  i2c_master_inst/tLSB[7]_i_1/O
                         net (fo=1, routed)           0.000    22.788    i2c_master_inst/tLSB[7]_i_1_n_0
    SLICE_X5Y99          FDRE                                         r  i2c_master_inst/tLSB_reg[7]/D
  -------------------------------------------------------------------    -------------------

Slack:                    inf
  Source:                 i2c_master_inst/count_reg[1]/C
                            (rising edge-triggered cell FDCE)
  Destination:            i2c_master_inst/o_bit_reg/D
  Path Group:             (none)
  Path Type:              Max at Slow Process Corner
  Data Path Delay:        17.701ns  (logic 6.619ns (37.393%)  route 11.082ns (62.607%))
  Logic Levels:           19  (CARRY4=8 FDCE=1 LUT1=2 LUT2=1 LUT3=1 LUT4=1 LUT5=2 LUT6=3)

    Location             Delay type                Incr(ns)  Path(ns)    Netlist Resource(s)
  -------------------------------------------------------------------    -------------------
    SLICE_X0Y90          FDCE                         0.000     0.000 r  i2c_master_inst/count_reg[1]/C
    SLICE_X0Y90          FDCE (Prop_fdce_C_Q)         0.456     0.456 f  i2c_master_inst/count_reg[1]/Q
                         net (fo=24, routed)          1.318     1.774    i2c_master_inst/count_reg_n_0_[1]
    SLICE_X7Y90          LUT1 (Prop_lut1_I0_O)        0.124     1.898 r  i2c_master_inst/o_bit5_carry_i_1/O
                         net (fo=1, routed)           0.000     1.898    i2c_master_inst/o_bit5_carry_i_1_n_0
    SLICE_X7Y90          CARRY4 (Prop_carry4_S[0]_CO[3])
                                                      0.532     2.430 r  i2c_master_inst/o_bit5_carry/CO[3]
                         net (fo=1, routed)           0.000     2.430    i2c_master_inst/o_bit5_carry_n_0
    SLICE_X7Y91          CARRY4 (Prop_carry4_CI_O[1])
                                                      0.334     2.764 f  i2c_master_inst/o_bit5_carry__0/O[1]
                         net (fo=5, routed)           1.079     3.843    i2c_master_inst/o_bit5_carry__0_n_6
    SLICE_X8Y89          LUT1 (Prop_lut1_I0_O)        0.303     4.146 r  i2c_master_inst/o_bit3__1_carry__2_i_14/O
                         net (fo=1, routed)           0.000     4.146    i2c_master_inst/o_bit3__1_carry__2_i_14_n_0
    SLICE_X8Y89          CARRY4 (Prop_carry4_S[1]_O[2])
                                                      0.578     4.724 r  i2c_master_inst/o_bit3__1_carry__2_i_9/O[2]
                         net (fo=2, routed)           0.659     5.384    i2c_master_inst/o_bit5[7]
    SLICE_X9Y91          LUT3 (Prop_lut3_I2_O)        0.329     5.713 r  i2c_master_inst/o_bit3__1_carry__1_i_12/O
                         net (fo=15, routed)          0.963     6.676    i2c_master_inst/o_bit3__1_carry__1_i_12_n_0
    SLICE_X9Y87          LUT6 (Prop_lut6_I5_O)        0.332     7.008 r  i2c_master_inst/o_bit3__1_carry__0_i_10/O
                         net (fo=3, routed)           0.830     7.838    i2c_master_inst/o_bit3__1_carry__0_i_10_n_0
    SLICE_X10Y87         LUT5 (Prop_lut5_I4_O)        0.148     7.986 r  i2c_master_inst/o_bit3__1_carry__1_i_4/O
                         net (fo=2, routed)           0.941     8.927    i2c_master_inst/o_bit3__1_carry__1_i_4_n_0
    SLICE_X11Y88         CARRY4 (Prop_carry4_DI[0]_CO[3])
                                                      0.730     9.657 r  i2c_master_inst/o_bit3__1_carry__1/CO[3]
                         net (fo=1, routed)           0.000     9.657    i2c_master_inst/o_bit3__1_carry__1_n_0
    SLICE_X11Y89         CARRY4 (Prop_carry4_CI_O[2])
                                                      0.239     9.896 r  i2c_master_inst/o_bit3__1_carry__2/O[2]
                         net (fo=3, routed)           1.119    11.015    i2c_master_inst/o_bit3__1_carry__2_n_5
    SLICE_X10Y88         LUT2 (Prop_lut2_I0_O)        0.302    11.317 r  i2c_master_inst/o_bit3__41_carry_i_1/O
                         net (fo=1, routed)           0.000    11.317    i2c_master_inst/o_bit3__41_carry_i_1_n_0
    SLICE_X10Y88         CARRY4 (Prop_carry4_S[3]_O[3])
                                                      0.255    11.572 r  i2c_master_inst/o_bit3__41_carry/O[3]
                         net (fo=3, routed)           1.344    12.916    i2c_master_inst/o_bit3__41_carry_n_4
    SLICE_X7Y89          LUT4 (Prop_lut4_I0_O)        0.307    13.223 r  i2c_master_inst/o_bit3__64_carry__0_i_4/O
                         net (fo=1, routed)           0.570    13.793    i2c_master_inst/o_bit3__64_carry__0_i_4_n_0
    SLICE_X9Y89          CARRY4 (Prop_carry4_DI[0]_CO[3])
                                                      0.526    14.319 r  i2c_master_inst/o_bit3__64_carry__0/CO[3]
                         net (fo=1, routed)           0.000    14.319    i2c_master_inst/o_bit3__64_carry__0_n_0
    SLICE_X9Y90          CARRY4 (Prop_carry4_CI_CO[0])
                                                      0.271    14.590 f  i2c_master_inst/o_bit3__64_carry__1/CO[0]
                         net (fo=1, routed)           0.575    15.165    i2c_master_inst/o_bit3__64_carry__1_n_3
    SLICE_X9Y91          LUT5 (Prop_lut5_I0_O)        0.402    15.567 r  i2c_master_inst/o_bit_i_4/O
                         net (fo=1, routed)           1.057    16.624    i2c_master_inst/o_bit_i_4_n_0
    SLICE_X6Y89          LUT6 (Prop_lut6_I1_O)        0.327    16.951 r  i2c_master_inst/o_bit_i_2/O
                         net (fo=1, routed)           0.626    17.577    i2c_master_inst/o_bit_i_2_n_0
    SLICE_X4Y94          LUT6 (Prop_lut6_I0_O)        0.124    17.701 r  i2c_master_inst/o_bit_i_1/O
                         net (fo=1, routed)           0.000    17.701    i2c_master_inst/o_bit_i_1_n_0
    SLICE_X4Y94          FDRE                                         r  i2c_master_inst/o_bit_reg/D
  -------------------------------------------------------------------    -------------------

Slack:                    inf
  Source:                 seven_seg_display_inst/number_to_show_reg[4]/C
                            (rising edge-triggered cell FDRE)
  Destination:            cathode_pins[5]
                            (output port)
  Path Group:             (none)
  Path Type:              Max at Slow Process Corner
  Data Path Delay:        8.398ns  (logic 4.270ns (50.848%)  route 4.128ns (49.152%))
  Logic Levels:           3  (FDRE=1 LUT6=1 OBUF=1)

    Location             Delay type                Incr(ns)  Path(ns)    Netlist Resource(s)
  -------------------------------------------------------------------    -------------------
    SLICE_X1Y87          FDRE                         0.000     0.000 r  seven_seg_display_inst/number_to_show_reg[4]/C
    SLICE_X1Y87          FDRE (Prop_fdre_C_Q)         0.419     0.419 f  seven_seg_display_inst/number_to_show_reg[4]/Q
                         net (fo=7, routed)           1.185     1.604    seven_seg_display_inst/number_to_show[4]
    SLICE_X1Y85          LUT6 (Prop_lut6_I4_O)        0.296     1.900 r  seven_seg_display_inst/cathode_pins_OBUF[5]_inst_i_1/O
                         net (fo=1, routed)           2.943     4.843    cathode_pins_OBUF[5]
    R10                  OBUF (Prop_obuf_I_O)         3.555     8.398 r  cathode_pins_OBUF[5]_inst/O
                         net (fo=0)                   0.000     8.398    cathode_pins[5]
    R10                                                               r  cathode_pins[5] (OUT)
  -------------------------------------------------------------------    -------------------





Min Delay Paths
--------------------------------------------------------------------------------------
Slack:                    inf
  Source:                 seven_seg_display_inst/units_val_reg[3]/C
                            (rising edge-triggered cell FDRE)
  Destination:            seven_seg_display_inst/number_to_show_reg[3]/D
  Path Group:             (none)
  Path Type:              Min at Fast Process Corner
  Data Path Delay:        0.240ns  (logic 0.186ns (77.515%)  route 0.054ns (22.485%))
  Logic Levels:           2  (FDRE=1 LUT3=1)

    Location             Delay type                Incr(ns)  Path(ns)    Netlist Resource(s)
  -------------------------------------------------------------------    -------------------
    SLICE_X0Y86          FDRE                         0.000     0.000 r  seven_seg_display_inst/units_val_reg[3]/C
    SLICE_X0Y86          FDRE (Prop_fdre_C_Q)         0.141     0.141 r  seven_seg_display_inst/units_val_reg[3]/Q
                         net (fo=1, routed)           0.054     0.195    seven_seg_display_inst/units_val[3]
    SLICE_X1Y86          LUT3 (Prop_lut3_I1_O)        0.045     0.240 r  seven_seg_display_inst/number_to_show[3]_i_1/O
                         net (fo=1, routed)           0.000     0.240    seven_seg_display_inst/number_to_show[3]_i_1_n_0
    SLICE_X1Y86          FDRE                                         r  seven_seg_display_inst/number_to_show_reg[3]/D
  -------------------------------------------------------------------    -------------------

Slack:                    inf
  Source:                 seven_seg_display_inst/tens_val_reg[0]/C
                            (rising edge-triggered cell FDRE)
  Destination:            seven_seg_display_inst/number_to_show_reg[0]/D
  Path Group:             (none)
  Path Type:              Min at Fast Process Corner
  Data Path Delay:        0.323ns  (logic 0.186ns (57.598%)  route 0.137ns (42.402%))
  Logic Levels:           2  (FDRE=1 LUT3=1)

    Location             Delay type                Incr(ns)  Path(ns)    Netlist Resource(s)
  -------------------------------------------------------------------    -------------------
    SLICE_X0Y87          FDRE                         0.000     0.000 r  seven_seg_display_inst/tens_val_reg[0]/C
    SLICE_X0Y87          FDRE (Prop_fdre_C_Q)         0.141     0.141 r  seven_seg_display_inst/tens_val_reg[0]/Q
                         net (fo=1, routed)           0.137     0.278    seven_seg_display_inst/tens_val[0]
    SLICE_X1Y87          LUT3 (Prop_lut3_I0_O)        0.045     0.323 r  seven_seg_display_inst/number_to_show[0]_i_1/O
                         net (fo=1, routed)           0.000     0.323    seven_seg_display_inst/number_to_show[0]_i_1_n_0
    SLICE_X1Y87          FDRE                                         r  seven_seg_display_inst/number_to_show_reg[0]/D
  -------------------------------------------------------------------    -------------------

Slack:                    inf
  Source:                 seven_seg_display_inst/tens_val_reg[4]/C
                            (rising edge-triggered cell FDRE)
  Destination:            seven_seg_display_inst/number_to_show_reg[4]/D
  Path Group:             (none)
  Path Type:              Min at Fast Process Corner
  Data Path Delay:        0.342ns  (logic 0.184ns (53.785%)  route 0.158ns (46.215%))
  Logic Levels:           2  (FDRE=1 LUT2=1)

    Location             Delay type                Incr(ns)  Path(ns)    Netlist Resource(s)
  -------------------------------------------------------------------    -------------------
    SLICE_X1Y87          FDRE                         0.000     0.000 r  seven_seg_display_inst/tens_val_reg[4]/C
    SLICE_X1Y87          FDRE (Prop_fdre_C_Q)         0.141     0.141 r  seven_seg_display_inst/tens_val_reg[4]/Q
                         net (fo=1, routed)           0.158     0.299    seven_seg_display_inst/tens_val[4]
    SLICE_X1Y87          LUT2 (Prop_lut2_I0_O)        0.043     0.342 r  seven_seg_display_inst/number_to_show[4]_i_1/O
                         net (fo=1, routed)           0.000     0.342    seven_seg_display_inst/number_to_show[4]_i_1_n_0
    SLICE_X1Y87          FDRE                                         r  seven_seg_display_inst/number_to_show_reg[4]/D
  -------------------------------------------------------------------    -------------------

Slack:                    inf
  Source:                 seven_seg_display_inst/tens_val_reg[2]/C
                            (rising edge-triggered cell FDRE)
  Destination:            seven_seg_display_inst/number_to_show_reg[2]/D
  Path Group:             (none)
  Path Type:              Min at Fast Process Corner
  Data Path Delay:        0.346ns  (logic 0.189ns (54.658%)  route 0.157ns (45.342%))
  Logic Levels:           2  (FDRE=1 LUT3=1)

    Location             Delay type                Incr(ns)  Path(ns)    Netlist Resource(s)
  -------------------------------------------------------------------    -------------------
    SLICE_X0Y85          FDRE                         0.000     0.000 r  seven_seg_display_inst/tens_val_reg[2]/C
    SLICE_X0Y85          FDRE (Prop_fdre_C_Q)         0.141     0.141 r  seven_seg_display_inst/tens_val_reg[2]/Q
                         net (fo=1, routed)           0.157     0.298    seven_seg_display_inst/tens_val[2]
    SLICE_X0Y85          LUT3 (Prop_lut3_I0_O)        0.048     0.346 r  seven_seg_display_inst/number_to_show[2]_i_1/O
                         net (fo=1, routed)           0.000     0.346    seven_seg_display_inst/number_to_show[2]_i_1_n_0
    SLICE_X0Y85          FDRE                                         r  seven_seg_display_inst/number_to_show_reg[2]/D
  -------------------------------------------------------------------    -------------------

Slack:                    inf
  Source:                 i2c_master_inst/tMSB_reg[4]/C
                            (rising edge-triggered cell FDRE)
  Destination:            i2c_master_inst/tMSB_reg[4]/D
  Path Group:             (none)
  Path Type:              Min at Fast Process Corner
  Data Path Delay:        0.356ns  (logic 0.186ns (52.178%)  route 0.170ns (47.822%))
  Logic Levels:           2  (FDRE=1 LUT4=1)

    Location             Delay type                Incr(ns)  Path(ns)    Netlist Resource(s)
  -------------------------------------------------------------------    -------------------
    SLICE_X1Y99          FDRE                         0.000     0.000 r  i2c_master_inst/tMSB_reg[4]/C
    SLICE_X1Y99          FDRE (Prop_fdre_C_Q)         0.141     0.141 r  i2c_master_inst/tMSB_reg[4]/Q
                         net (fo=8, routed)           0.170     0.311    i2c_master_inst/LED_OBUF[5]
    SLICE_X1Y99          LUT4 (Prop_lut4_I3_O)        0.045     0.356 r  i2c_master_inst/tMSB[4]_i_1/O
                         net (fo=1, routed)           0.000     0.356    i2c_master_inst/tMSB[4]_i_1_n_0
    SLICE_X1Y99          FDRE                                         r  i2c_master_inst/tMSB_reg[4]/D
  -------------------------------------------------------------------    -------------------

Slack:                    inf
  Source:                 i2c_master_inst/FSM_sequential_state_reg_reg[3]/C
                            (rising edge-triggered cell FDPE)
  Destination:            i2c_master_inst/FSM_sequential_state_reg_reg[2]/D
  Path Group:             (none)
  Path Type:              Min at Fast Process Corner
  Data Path Delay:        0.371ns  (logic 0.186ns (50.191%)  route 0.185ns (49.809%))
  Logic Levels:           2  (FDPE=1 LUT4=1)

    Location             Delay type                Incr(ns)  Path(ns)    Netlist Resource(s)
  -------------------------------------------------------------------    -------------------
    SLICE_X1Y93          FDPE                         0.000     0.000 r  i2c_master_inst/FSM_sequential_state_reg_reg[3]/C
    SLICE_X1Y93          FDPE (Prop_fdpe_C_Q)         0.141     0.141 f  i2c_master_inst/FSM_sequential_state_reg_reg[3]/Q
                         net (fo=22, routed)          0.185     0.326    i2c_master_inst/state_reg__0[3]
    SLICE_X0Y93          LUT4 (Prop_lut4_I3_O)        0.045     0.371 r  i2c_master_inst/FSM_sequential_state_reg[2]_i_1/O
                         net (fo=1, routed)           0.000     0.371    i2c_master_inst/state_reg__1[2]
    SLICE_X0Y93          FDCE                                         r  i2c_master_inst/FSM_sequential_state_reg_reg[2]/D
  -------------------------------------------------------------------    -------------------

Slack:                    inf
  Source:                 i2c_master_inst/FSM_sequential_state_reg_reg[2]/C
                            (rising edge-triggered cell FDCE)
  Destination:            i2c_master_inst/count_reg[10]/D
  Path Group:             (none)
  Path Type:              Min at Fast Process Corner
  Data Path Delay:        0.372ns  (logic 0.186ns (49.938%)  route 0.186ns (50.062%))
  Logic Levels:           2  (FDCE=1 LUT6=1)

    Location             Delay type                Incr(ns)  Path(ns)    Netlist Resource(s)
  -------------------------------------------------------------------    -------------------
    SLICE_X0Y93          FDCE                         0.000     0.000 r  i2c_master_inst/FSM_sequential_state_reg_reg[2]/C
    SLICE_X0Y93          FDCE (Prop_fdce_C_Q)         0.141     0.141 f  i2c_master_inst/FSM_sequential_state_reg_reg[2]/Q
                         net (fo=23, routed)          0.186     0.327    i2c_master_inst/state_reg__0[2]
    SLICE_X0Y92          LUT6 (Prop_lut6_I4_O)        0.045     0.372 r  i2c_master_inst/count[10]_i_1/O
                         net (fo=1, routed)           0.000     0.372    i2c_master_inst/count[10]
    SLICE_X0Y92          FDCE                                         r  i2c_master_inst/count_reg[10]/D
  -------------------------------------------------------------------    -------------------

Slack:                    inf
  Source:                 i2c_master_inst/tMSB_reg[2]/C
                            (rising edge-triggered cell FDRE)
  Destination:            i2c_master_inst/tMSB_reg[2]/D
  Path Group:             (none)
  Path Type:              Min at Fast Process Corner
  Data Path Delay:        0.373ns  (logic 0.186ns (49.871%)  route 0.187ns (50.129%))
  Logic Levels:           2  (FDRE=1 LUT4=1)

    Location             Delay type                Incr(ns)  Path(ns)    Netlist Resource(s)
  -------------------------------------------------------------------    -------------------
    SLICE_X0Y99          FDRE                         0.000     0.000 r  i2c_master_inst/tMSB_reg[2]/C
    SLICE_X0Y99          FDRE (Prop_fdre_C_Q)         0.141     0.141 r  i2c_master_inst/tMSB_reg[2]/Q
                         net (fo=10, routed)          0.187     0.328    i2c_master_inst/LED_OBUF[3]
    SLICE_X0Y99          LUT4 (Prop_lut4_I3_O)        0.045     0.373 r  i2c_master_inst/tMSB[2]_i_1/O
                         net (fo=1, routed)           0.000     0.373    i2c_master_inst/tMSB[2]_i_1_n_0
    SLICE_X0Y99          FDRE                                         r  i2c_master_inst/tMSB_reg[2]/D
  -------------------------------------------------------------------    -------------------

Slack:                    inf
  Source:                 i2c_master_inst/FSM_sequential_state_reg_reg[3]/C
                            (rising edge-triggered cell FDPE)
  Destination:            i2c_master_inst/FSM_sequential_state_reg_reg[0]/D
  Path Group:             (none)
  Path Type:              Min at Fast Process Corner
  Data Path Delay:        0.380ns  (logic 0.186ns (48.972%)  route 0.194ns (51.028%))
  Logic Levels:           2  (FDPE=1 LUT4=1)

    Location             Delay type                Incr(ns)  Path(ns)    Netlist Resource(s)
  -------------------------------------------------------------------    -------------------
    SLICE_X1Y93          FDPE                         0.000     0.000 r  i2c_master_inst/FSM_sequential_state_reg_reg[3]/C
    SLICE_X1Y93          FDPE (Prop_fdpe_C_Q)         0.141     0.141 f  i2c_master_inst/FSM_sequential_state_reg_reg[3]/Q
                         net (fo=22, routed)          0.194     0.335    i2c_master_inst/state_reg__0[3]
    SLICE_X0Y93          LUT4 (Prop_lut4_I3_O)        0.045     0.380 r  i2c_master_inst/FSM_sequential_state_reg[0]_i_1/O
                         net (fo=1, routed)           0.000     0.380    i2c_master_inst/state_reg__1[0]
    SLICE_X0Y93          FDCE                                         r  i2c_master_inst/FSM_sequential_state_reg_reg[0]/D
  -------------------------------------------------------------------    -------------------

Slack:                    inf
  Source:                 i2c_master_inst/FSM_sequential_state_reg_reg[3]/C
                            (rising edge-triggered cell FDPE)
  Destination:            i2c_master_inst/FSM_sequential_state_reg_reg[1]/D
  Path Group:             (none)
  Path Type:              Min at Fast Process Corner
  Data Path Delay:        0.381ns  (logic 0.187ns (49.106%)  route 0.194ns (50.894%))
  Logic Levels:           2  (FDPE=1 LUT4=1)

    Location             Delay type                Incr(ns)  Path(ns)    Netlist Resource(s)
  -------------------------------------------------------------------    -------------------
    SLICE_X1Y93          FDPE                         0.000     0.000 r  i2c_master_inst/FSM_sequential_state_reg_reg[3]/C
    SLICE_X1Y93          FDPE (Prop_fdpe_C_Q)         0.141     0.141 f  i2c_master_inst/FSM_sequential_state_reg_reg[3]/Q
                         net (fo=22, routed)          0.194     0.335    i2c_master_inst/state_reg__0[3]
    SLICE_X0Y93          LUT4 (Prop_lut4_I0_O)        0.046     0.381 r  i2c_master_inst/FSM_sequential_state_reg[1]_i_1/O
                         net (fo=1, routed)           0.000     0.381    i2c_master_inst/FSM_sequential_state_reg[1]_i_1_n_0
    SLICE_X0Y93          FDCE                                         r  i2c_master_inst/FSM_sequential_state_reg_reg[1]/D
  -------------------------------------------------------------------    -------------------





--------------------------------------------------------------------------------------
Path Group:  (none)
From Clock:  sys_clk_pin
  To Clock:  

Max Delay             1 Endpoint
Min Delay             1 Endpoint
--------------------------------------------------------------------------------------


Max Delay Paths
--------------------------------------------------------------------------------------
Slack:                    inf
  Source:                 spi_slave_inst/MISO_reg/C
                            (rising edge-triggered cell FDRE clocked by sys_clk_pin  {rise@0.000ns fall@5.000ns period=10.000ns})
  Destination:            miso
                            (output port)
  Path Group:             (none)
  Path Type:              Max at Slow Process Corner
  Data Path Delay:        6.257ns  (logic 4.011ns (64.107%)  route 2.246ns (35.893%))
  Logic Levels:           1  (OBUF=1)
  Clock Uncertainty:      0.025ns  ((TSJ^2 + TIJ^2)^1/2 + DJ) / 2 + PE
    Total System Jitter     (TSJ):    0.050ns
    Total Input Jitter      (TIJ):    0.000ns
    Discrete Jitter          (DJ):    0.000ns
    Phase Error              (PE):    0.000ns

    Location             Delay type                Incr(ns)  Path(ns)    Netlist Resource(s)
  -------------------------------------------------------------------    -------------------
                         (clock sys_clk_pin rise edge)
                                                      0.000     0.000 r  
    E3                                                0.000     0.000 r  CLK100MHZ (IN)
                         net (fo=0)                   0.000     0.000    CLK100MHZ
    E3                   IBUF (Prop_ibuf_I_O)         1.482     1.482 r  CLK100MHZ_IBUF_inst/O
                         net (fo=1, routed)           2.025     3.506    CLK100MHZ_IBUF
    BUFGCTRL_X0Y16       BUFG (Prop_bufg_I_O)         0.096     3.602 r  CLK100MHZ_IBUF_BUFG_inst/O
                         net (fo=39, routed)          1.723     5.326    spi_slave_inst/CLK
    SLICE_X1Y89          FDRE                                         r  spi_slave_inst/MISO_reg/C
  -------------------------------------------------------------------    -------------------
    SLICE_X1Y89          FDRE (Prop_fdre_C_Q)         0.456     5.782 r  spi_slave_inst/MISO_reg/Q
                         net (fo=1, routed)           2.246     8.028    miso_OBUF
    D18                  OBUF (Prop_obuf_I_O)         3.555    11.583 r  miso_OBUF_inst/O
                         net (fo=0)                   0.000    11.583    miso
    D18                                                               r  miso (OUT)
  -------------------------------------------------------------------    -------------------





Min Delay Paths
--------------------------------------------------------------------------------------
Slack:                    inf
  Source:                 spi_slave_inst/MISO_reg/C
                            (rising edge-triggered cell FDRE clocked by sys_clk_pin  {rise@0.000ns fall@5.000ns period=10.000ns})
  Destination:            miso
                            (output port)
  Path Group:             (none)
  Path Type:              Min at Fast Process Corner
  Data Path Delay:        1.977ns  (logic 1.397ns (70.666%)  route 0.580ns (29.334%))
  Logic Levels:           1  (OBUF=1)
  Clock Uncertainty:      0.025ns  ((TSJ^2 + TIJ^2)^1/2 + DJ) / 2 + PE
    Total System Jitter     (TSJ):    0.050ns
    Total Input Jitter      (TIJ):    0.000ns
    Discrete Jitter          (DJ):    0.000ns
    Phase Error              (PE):    0.000ns

    Location             Delay type                Incr(ns)  Path(ns)    Netlist Resource(s)
  -------------------------------------------------------------------    -------------------
                         (clock sys_clk_pin rise edge)
                                                      0.000     0.000 r  
    E3                                                0.000     0.000 r  CLK100MHZ (IN)
                         net (fo=0)                   0.000     0.000    CLK100MHZ
    E3                   IBUF (Prop_ibuf_I_O)         0.250     0.250 r  CLK100MHZ_IBUF_inst/O
                         net (fo=1, routed)           0.644     0.894    CLK100MHZ_IBUF
    BUFGCTRL_X0Y16       BUFG (Prop_bufg_I_O)         0.026     0.920 r  CLK100MHZ_IBUF_BUFG_inst/O
                         net (fo=39, routed)          0.602     1.521    spi_slave_inst/CLK
    SLICE_X1Y89          FDRE                                         r  spi_slave_inst/MISO_reg/C
  -------------------------------------------------------------------    -------------------
    SLICE_X1Y89          FDRE (Prop_fdre_C_Q)         0.141     1.662 r  spi_slave_inst/MISO_reg/Q
                         net (fo=1, routed)           0.580     2.242    miso_OBUF
    D18                  OBUF (Prop_obuf_I_O)         1.256     3.498 r  miso_OBUF_inst/O
                         net (fo=0)                   0.000     3.498    miso
    D18                                                               r  miso (OUT)
  -------------------------------------------------------------------    -------------------





--------------------------------------------------------------------------------------
Path Group:  (none)
From Clock:  
  To Clock:  sys_clk_pin

Max Delay            20 Endpoints
Min Delay            20 Endpoints
--------------------------------------------------------------------------------------


Max Delay Paths
--------------------------------------------------------------------------------------
Slack:                    inf
  Source:                 rst
                            (input port)
  Destination:            spi_slave_inst/shift_register_reg[0]/R
                            (rising edge-triggered cell FDRE clocked by sys_clk_pin  {rise@0.000ns fall@5.000ns period=10.000ns})
  Path Group:             (none)
  Path Type:              Setup (Max at Slow Process Corner)
  Data Path Delay:        5.718ns  (logic 1.657ns (28.976%)  route 4.061ns (71.024%))
  Logic Levels:           2  (IBUF=1 LUT1=1)
  Clock Path Skew:        5.026ns (DCD - SCD + CPR)
    Destination Clock Delay (DCD):    5.026ns
    Source Clock Delay      (SCD):    0.000ns
    Clock Pessimism Removal (CPR):    0.000ns
  Clock Uncertainty:      0.025ns  ((TSJ^2 + TIJ^2)^1/2 + DJ) / 2 + PE
    Total System Jitter     (TSJ):    0.050ns
    Total Input Jitter      (TIJ):    0.000ns
    Discrete Jitter          (DJ):    0.000ns
    Phase Error              (PE):    0.000ns

    Location             Delay type                Incr(ns)  Path(ns)    Netlist Resource(s)
  -------------------------------------------------------------------    -------------------
    C12                                               0.000     0.000 f  rst (IN)
                         net (fo=0)                   0.000     0.000    rst
    C12                  IBUF (Prop_ibuf_I_O)         1.507     1.507 f  rst_IBUF_inst/O
                         net (fo=4, routed)           2.663     4.170    i2c_master_inst/rst_IBUF
    SLICE_X6Y100         LUT1 (Prop_lut1_I0_O)        0.150     4.320 r  i2c_master_inst/FSM_sequential_state_reg[3]_i_2/O
                         net (fo=30, routed)          1.399     5.718    spi_slave_inst/SR[0]
    SLICE_X0Y89          FDRE                                         r  spi_slave_inst/shift_register_reg[0]/R
  -------------------------------------------------------------------    -------------------

                         (clock sys_clk_pin rise edge)
                                                      0.000     0.000 r  
    E3                                                0.000     0.000 r  CLK100MHZ (IN)
                         net (fo=0)                   0.000     0.000    CLK100MHZ
    E3                   IBUF (Prop_ibuf_I_O)         1.411     1.411 r  CLK100MHZ_IBUF_inst/O
                         net (fo=1, routed)           1.920     3.331    CLK100MHZ_IBUF
    BUFGCTRL_X0Y16       BUFG (Prop_bufg_I_O)         0.091     3.422 r  CLK100MHZ_IBUF_BUFG_inst/O
                         net (fo=39, routed)          1.603     5.026    spi_slave_inst/CLK
    SLICE_X0Y89          FDRE                                         r  spi_slave_inst/shift_register_reg[0]/C

Slack:                    inf
  Source:                 rst
                            (input port)
  Destination:            spi_slave_inst/shift_register_reg[1]/R
                            (rising edge-triggered cell FDRE clocked by sys_clk_pin  {rise@0.000ns fall@5.000ns period=10.000ns})
  Path Group:             (none)
  Path Type:              Setup (Max at Slow Process Corner)
  Data Path Delay:        5.718ns  (logic 1.657ns (28.976%)  route 4.061ns (71.024%))
  Logic Levels:           2  (IBUF=1 LUT1=1)
  Clock Path Skew:        5.026ns (DCD - SCD + CPR)
    Destination Clock Delay (DCD):    5.026ns
    Source Clock Delay      (SCD):    0.000ns
    Clock Pessimism Removal (CPR):    0.000ns
  Clock Uncertainty:      0.025ns  ((TSJ^2 + TIJ^2)^1/2 + DJ) / 2 + PE
    Total System Jitter     (TSJ):    0.050ns
    Total Input Jitter      (TIJ):    0.000ns
    Discrete Jitter          (DJ):    0.000ns
    Phase Error              (PE):    0.000ns

    Location             Delay type                Incr(ns)  Path(ns)    Netlist Resource(s)
  -------------------------------------------------------------------    -------------------
    C12                                               0.000     0.000 f  rst (IN)
                         net (fo=0)                   0.000     0.000    rst
    C12                  IBUF (Prop_ibuf_I_O)         1.507     1.507 f  rst_IBUF_inst/O
                         net (fo=4, routed)           2.663     4.170    i2c_master_inst/rst_IBUF
    SLICE_X6Y100         LUT1 (Prop_lut1_I0_O)        0.150     4.320 r  i2c_master_inst/FSM_sequential_state_reg[3]_i_2/O
                         net (fo=30, routed)          1.399     5.718    spi_slave_inst/SR[0]
    SLICE_X0Y89          FDRE                                         r  spi_slave_inst/shift_register_reg[1]/R
  -------------------------------------------------------------------    -------------------

                         (clock sys_clk_pin rise edge)
                                                      0.000     0.000 r  
    E3                                                0.000     0.000 r  CLK100MHZ (IN)
                         net (fo=0)                   0.000     0.000    CLK100MHZ
    E3                   IBUF (Prop_ibuf_I_O)         1.411     1.411 r  CLK100MHZ_IBUF_inst/O
                         net (fo=1, routed)           1.920     3.331    CLK100MHZ_IBUF
    BUFGCTRL_X0Y16       BUFG (Prop_bufg_I_O)         0.091     3.422 r  CLK100MHZ_IBUF_BUFG_inst/O
                         net (fo=39, routed)          1.603     5.026    spi_slave_inst/CLK
    SLICE_X0Y89          FDRE                                         r  spi_slave_inst/shift_register_reg[1]/C

Slack:                    inf
  Source:                 rst
                            (input port)
  Destination:            spi_slave_inst/shift_register_reg[2]/R
                            (rising edge-triggered cell FDRE clocked by sys_clk_pin  {rise@0.000ns fall@5.000ns period=10.000ns})
  Path Group:             (none)
  Path Type:              Setup (Max at Slow Process Corner)
  Data Path Delay:        5.718ns  (logic 1.657ns (28.976%)  route 4.061ns (71.024%))
  Logic Levels:           2  (IBUF=1 LUT1=1)
  Clock Path Skew:        5.026ns (DCD - SCD + CPR)
    Destination Clock Delay (DCD):    5.026ns
    Source Clock Delay      (SCD):    0.000ns
    Clock Pessimism Removal (CPR):    0.000ns
  Clock Uncertainty:      0.025ns  ((TSJ^2 + TIJ^2)^1/2 + DJ) / 2 + PE
    Total System Jitter     (TSJ):    0.050ns
    Total Input Jitter      (TIJ):    0.000ns
    Discrete Jitter          (DJ):    0.000ns
    Phase Error              (PE):    0.000ns

    Location             Delay type                Incr(ns)  Path(ns)    Netlist Resource(s)
  -------------------------------------------------------------------    -------------------
    C12                                               0.000     0.000 f  rst (IN)
                         net (fo=0)                   0.000     0.000    rst
    C12                  IBUF (Prop_ibuf_I_O)         1.507     1.507 f  rst_IBUF_inst/O
                         net (fo=4, routed)           2.663     4.170    i2c_master_inst/rst_IBUF
    SLICE_X6Y100         LUT1 (Prop_lut1_I0_O)        0.150     4.320 r  i2c_master_inst/FSM_sequential_state_reg[3]_i_2/O
                         net (fo=30, routed)          1.399     5.718    spi_slave_inst/SR[0]
    SLICE_X0Y89          FDRE                                         r  spi_slave_inst/shift_register_reg[2]/R
  -------------------------------------------------------------------    -------------------

                         (clock sys_clk_pin rise edge)
                                                      0.000     0.000 r  
    E3                                                0.000     0.000 r  CLK100MHZ (IN)
                         net (fo=0)                   0.000     0.000    CLK100MHZ
    E3                   IBUF (Prop_ibuf_I_O)         1.411     1.411 r  CLK100MHZ_IBUF_inst/O
                         net (fo=1, routed)           1.920     3.331    CLK100MHZ_IBUF
    BUFGCTRL_X0Y16       BUFG (Prop_bufg_I_O)         0.091     3.422 r  CLK100MHZ_IBUF_BUFG_inst/O
                         net (fo=39, routed)          1.603     5.026    spi_slave_inst/CLK
    SLICE_X0Y89          FDRE                                         r  spi_slave_inst/shift_register_reg[2]/C

Slack:                    inf
  Source:                 rst
                            (input port)
  Destination:            spi_slave_inst/shift_register_reg[3]/R
                            (rising edge-triggered cell FDRE clocked by sys_clk_pin  {rise@0.000ns fall@5.000ns period=10.000ns})
  Path Group:             (none)
  Path Type:              Setup (Max at Slow Process Corner)
  Data Path Delay:        5.718ns  (logic 1.657ns (28.976%)  route 4.061ns (71.024%))
  Logic Levels:           2  (IBUF=1 LUT1=1)
  Clock Path Skew:        5.026ns (DCD - SCD + CPR)
    Destination Clock Delay (DCD):    5.026ns
    Source Clock Delay      (SCD):    0.000ns
    Clock Pessimism Removal (CPR):    0.000ns
  Clock Uncertainty:      0.025ns  ((TSJ^2 + TIJ^2)^1/2 + DJ) / 2 + PE
    Total System Jitter     (TSJ):    0.050ns
    Total Input Jitter      (TIJ):    0.000ns
    Discrete Jitter          (DJ):    0.000ns
    Phase Error              (PE):    0.000ns

    Location             Delay type                Incr(ns)  Path(ns)    Netlist Resource(s)
  -------------------------------------------------------------------    -------------------
    C12                                               0.000     0.000 f  rst (IN)
                         net (fo=0)                   0.000     0.000    rst
    C12                  IBUF (Prop_ibuf_I_O)         1.507     1.507 f  rst_IBUF_inst/O
                         net (fo=4, routed)           2.663     4.170    i2c_master_inst/rst_IBUF
    SLICE_X6Y100         LUT1 (Prop_lut1_I0_O)        0.150     4.320 r  i2c_master_inst/FSM_sequential_state_reg[3]_i_2/O
                         net (fo=30, routed)          1.399     5.718    spi_slave_inst/SR[0]
    SLICE_X0Y89          FDRE                                         r  spi_slave_inst/shift_register_reg[3]/R
  -------------------------------------------------------------------    -------------------

                         (clock sys_clk_pin rise edge)
                                                      0.000     0.000 r  
    E3                                                0.000     0.000 r  CLK100MHZ (IN)
                         net (fo=0)                   0.000     0.000    CLK100MHZ
    E3                   IBUF (Prop_ibuf_I_O)         1.411     1.411 r  CLK100MHZ_IBUF_inst/O
                         net (fo=1, routed)           1.920     3.331    CLK100MHZ_IBUF
    BUFGCTRL_X0Y16       BUFG (Prop_bufg_I_O)         0.091     3.422 r  CLK100MHZ_IBUF_BUFG_inst/O
                         net (fo=39, routed)          1.603     5.026    spi_slave_inst/CLK
    SLICE_X0Y89          FDRE                                         r  spi_slave_inst/shift_register_reg[3]/C

Slack:                    inf
  Source:                 rst
                            (input port)
  Destination:            spi_slave_inst/shift_register_reg[4]/R
                            (rising edge-triggered cell FDRE clocked by sys_clk_pin  {rise@0.000ns fall@5.000ns period=10.000ns})
  Path Group:             (none)
  Path Type:              Setup (Max at Slow Process Corner)
  Data Path Delay:        5.718ns  (logic 1.657ns (28.976%)  route 4.061ns (71.024%))
  Logic Levels:           2  (IBUF=1 LUT1=1)
  Clock Path Skew:        5.026ns (DCD - SCD + CPR)
    Destination Clock Delay (DCD):    5.026ns
    Source Clock Delay      (SCD):    0.000ns
    Clock Pessimism Removal (CPR):    0.000ns
  Clock Uncertainty:      0.025ns  ((TSJ^2 + TIJ^2)^1/2 + DJ) / 2 + PE
    Total System Jitter     (TSJ):    0.050ns
    Total Input Jitter      (TIJ):    0.000ns
    Discrete Jitter          (DJ):    0.000ns
    Phase Error              (PE):    0.000ns

    Location             Delay type                Incr(ns)  Path(ns)    Netlist Resource(s)
  -------------------------------------------------------------------    -------------------
    C12                                               0.000     0.000 f  rst (IN)
                         net (fo=0)                   0.000     0.000    rst
    C12                  IBUF (Prop_ibuf_I_O)         1.507     1.507 f  rst_IBUF_inst/O
                         net (fo=4, routed)           2.663     4.170    i2c_master_inst/rst_IBUF
    SLICE_X6Y100         LUT1 (Prop_lut1_I0_O)        0.150     4.320 r  i2c_master_inst/FSM_sequential_state_reg[3]_i_2/O
                         net (fo=30, routed)          1.399     5.718    spi_slave_inst/SR[0]
    SLICE_X0Y89          FDRE                                         r  spi_slave_inst/shift_register_reg[4]/R
  -------------------------------------------------------------------    -------------------

                         (clock sys_clk_pin rise edge)
                                                      0.000     0.000 r  
    E3                                                0.000     0.000 r  CLK100MHZ (IN)
                         net (fo=0)                   0.000     0.000    CLK100MHZ
    E3                   IBUF (Prop_ibuf_I_O)         1.411     1.411 r  CLK100MHZ_IBUF_inst/O
                         net (fo=1, routed)           1.920     3.331    CLK100MHZ_IBUF
    BUFGCTRL_X0Y16       BUFG (Prop_bufg_I_O)         0.091     3.422 r  CLK100MHZ_IBUF_BUFG_inst/O
                         net (fo=39, routed)          1.603     5.026    spi_slave_inst/CLK
    SLICE_X0Y89          FDRE                                         r  spi_slave_inst/shift_register_reg[4]/C

Slack:                    inf
  Source:                 rst
                            (input port)
  Destination:            spi_slave_inst/shift_register_reg[5]/R
                            (rising edge-triggered cell FDRE clocked by sys_clk_pin  {rise@0.000ns fall@5.000ns period=10.000ns})
  Path Group:             (none)
  Path Type:              Setup (Max at Slow Process Corner)
  Data Path Delay:        5.718ns  (logic 1.657ns (28.976%)  route 4.061ns (71.024%))
  Logic Levels:           2  (IBUF=1 LUT1=1)
  Clock Path Skew:        5.026ns (DCD - SCD + CPR)
    Destination Clock Delay (DCD):    5.026ns
    Source Clock Delay      (SCD):    0.000ns
    Clock Pessimism Removal (CPR):    0.000ns
  Clock Uncertainty:      0.025ns  ((TSJ^2 + TIJ^2)^1/2 + DJ) / 2 + PE
    Total System Jitter     (TSJ):    0.050ns
    Total Input Jitter      (TIJ):    0.000ns
    Discrete Jitter          (DJ):    0.000ns
    Phase Error              (PE):    0.000ns

    Location             Delay type                Incr(ns)  Path(ns)    Netlist Resource(s)
  -------------------------------------------------------------------    -------------------
    C12                                               0.000     0.000 f  rst (IN)
                         net (fo=0)                   0.000     0.000    rst
    C12                  IBUF (Prop_ibuf_I_O)         1.507     1.507 f  rst_IBUF_inst/O
                         net (fo=4, routed)           2.663     4.170    i2c_master_inst/rst_IBUF
    SLICE_X6Y100         LUT1 (Prop_lut1_I0_O)        0.150     4.320 r  i2c_master_inst/FSM_sequential_state_reg[3]_i_2/O
                         net (fo=30, routed)          1.399     5.718    spi_slave_inst/SR[0]
    SLICE_X0Y89          FDRE                                         r  spi_slave_inst/shift_register_reg[5]/R
  -------------------------------------------------------------------    -------------------

                         (clock sys_clk_pin rise edge)
                                                      0.000     0.000 r  
    E3                                                0.000     0.000 r  CLK100MHZ (IN)
                         net (fo=0)                   0.000     0.000    CLK100MHZ
    E3                   IBUF (Prop_ibuf_I_O)         1.411     1.411 r  CLK100MHZ_IBUF_inst/O
                         net (fo=1, routed)           1.920     3.331    CLK100MHZ_IBUF
    BUFGCTRL_X0Y16       BUFG (Prop_bufg_I_O)         0.091     3.422 r  CLK100MHZ_IBUF_BUFG_inst/O
                         net (fo=39, routed)          1.603     5.026    spi_slave_inst/CLK
    SLICE_X0Y89          FDRE                                         r  spi_slave_inst/shift_register_reg[5]/C

Slack:                    inf
  Source:                 rst
                            (input port)
  Destination:            spi_slave_inst/shift_register_reg[6]/R
                            (rising edge-triggered cell FDRE clocked by sys_clk_pin  {rise@0.000ns fall@5.000ns period=10.000ns})
  Path Group:             (none)
  Path Type:              Setup (Max at Slow Process Corner)
  Data Path Delay:        5.718ns  (logic 1.657ns (28.976%)  route 4.061ns (71.024%))
  Logic Levels:           2  (IBUF=1 LUT1=1)
  Clock Path Skew:        5.026ns (DCD - SCD + CPR)
    Destination Clock Delay (DCD):    5.026ns
    Source Clock Delay      (SCD):    0.000ns
    Clock Pessimism Removal (CPR):    0.000ns
  Clock Uncertainty:      0.025ns  ((TSJ^2 + TIJ^2)^1/2 + DJ) / 2 + PE
    Total System Jitter     (TSJ):    0.050ns
    Total Input Jitter      (TIJ):    0.000ns
    Discrete Jitter          (DJ):    0.000ns
    Phase Error              (PE):    0.000ns

    Location             Delay type                Incr(ns)  Path(ns)    Netlist Resource(s)
  -------------------------------------------------------------------    -------------------
    C12                                               0.000     0.000 f  rst (IN)
                         net (fo=0)                   0.000     0.000    rst
    C12                  IBUF (Prop_ibuf_I_O)         1.507     1.507 f  rst_IBUF_inst/O
                         net (fo=4, routed)           2.663     4.170    i2c_master_inst/rst_IBUF
    SLICE_X6Y100         LUT1 (Prop_lut1_I0_O)        0.150     4.320 r  i2c_master_inst/FSM_sequential_state_reg[3]_i_2/O
                         net (fo=30, routed)          1.399     5.718    spi_slave_inst/SR[0]
    SLICE_X0Y89          FDRE                                         r  spi_slave_inst/shift_register_reg[6]/R
  -------------------------------------------------------------------    -------------------

                         (clock sys_clk_pin rise edge)
                                                      0.000     0.000 r  
    E3                                                0.000     0.000 r  CLK100MHZ (IN)
                         net (fo=0)                   0.000     0.000    CLK100MHZ
    E3                   IBUF (Prop_ibuf_I_O)         1.411     1.411 r  CLK100MHZ_IBUF_inst/O
                         net (fo=1, routed)           1.920     3.331    CLK100MHZ_IBUF
    BUFGCTRL_X0Y16       BUFG (Prop_bufg_I_O)         0.091     3.422 r  CLK100MHZ_IBUF_BUFG_inst/O
                         net (fo=39, routed)          1.603     5.026    spi_slave_inst/CLK
    SLICE_X0Y89          FDRE                                         r  spi_slave_inst/shift_register_reg[6]/C

Slack:                    inf
  Source:                 rst
                            (input port)
  Destination:            spi_slave_inst/shift_register_reg[7]/R
                            (rising edge-triggered cell FDRE clocked by sys_clk_pin  {rise@0.000ns fall@5.000ns period=10.000ns})
  Path Group:             (none)
  Path Type:              Setup (Max at Slow Process Corner)
  Data Path Delay:        5.718ns  (logic 1.657ns (28.976%)  route 4.061ns (71.024%))
  Logic Levels:           2  (IBUF=1 LUT1=1)
  Clock Path Skew:        5.026ns (DCD - SCD + CPR)
    Destination Clock Delay (DCD):    5.026ns
    Source Clock Delay      (SCD):    0.000ns
    Clock Pessimism Removal (CPR):    0.000ns
  Clock Uncertainty:      0.025ns  ((TSJ^2 + TIJ^2)^1/2 + DJ) / 2 + PE
    Total System Jitter     (TSJ):    0.050ns
    Total Input Jitter      (TIJ):    0.000ns
    Discrete Jitter          (DJ):    0.000ns
    Phase Error              (PE):    0.000ns

    Location             Delay type                Incr(ns)  Path(ns)    Netlist Resource(s)
  -------------------------------------------------------------------    -------------------
    C12                                               0.000     0.000 f  rst (IN)
                         net (fo=0)                   0.000     0.000    rst
    C12                  IBUF (Prop_ibuf_I_O)         1.507     1.507 f  rst_IBUF_inst/O
                         net (fo=4, routed)           2.663     4.170    i2c_master_inst/rst_IBUF
    SLICE_X6Y100         LUT1 (Prop_lut1_I0_O)        0.150     4.320 r  i2c_master_inst/FSM_sequential_state_reg[3]_i_2/O
                         net (fo=30, routed)          1.399     5.718    spi_slave_inst/SR[0]
    SLICE_X0Y89          FDRE                                         r  spi_slave_inst/shift_register_reg[7]/R
  -------------------------------------------------------------------    -------------------

                         (clock sys_clk_pin rise edge)
                                                      0.000     0.000 r  
    E3                                                0.000     0.000 r  CLK100MHZ (IN)
                         net (fo=0)                   0.000     0.000    CLK100MHZ
    E3                   IBUF (Prop_ibuf_I_O)         1.411     1.411 r  CLK100MHZ_IBUF_inst/O
                         net (fo=1, routed)           1.920     3.331    CLK100MHZ_IBUF
    BUFGCTRL_X0Y16       BUFG (Prop_bufg_I_O)         0.091     3.422 r  CLK100MHZ_IBUF_BUFG_inst/O
                         net (fo=39, routed)          1.603     5.026    spi_slave_inst/CLK
    SLICE_X0Y89          FDRE                                         r  spi_slave_inst/shift_register_reg[7]/C

Slack:                    inf
  Source:                 rst
                            (input port)
  Destination:            spi_slave_inst/MISO_reg/R
                            (rising edge-triggered cell FDRE clocked by sys_clk_pin  {rise@0.000ns fall@5.000ns period=10.000ns})
  Path Group:             (none)
  Path Type:              Setup (Max at Slow Process Corner)
  Data Path Delay:        5.714ns  (logic 1.657ns (28.998%)  route 4.057ns (71.002%))
  Logic Levels:           2  (IBUF=1 LUT1=1)
  Clock Path Skew:        5.026ns (DCD - SCD + CPR)
    Destination Clock Delay (DCD):    5.026ns
    Source Clock Delay      (SCD):    0.000ns
    Clock Pessimism Removal (CPR):    0.000ns
  Clock Uncertainty:      0.025ns  ((TSJ^2 + TIJ^2)^1/2 + DJ) / 2 + PE
    Total System Jitter     (TSJ):    0.050ns
    Total Input Jitter      (TIJ):    0.000ns
    Discrete Jitter          (DJ):    0.000ns
    Phase Error              (PE):    0.000ns

    Location             Delay type                Incr(ns)  Path(ns)    Netlist Resource(s)
  -------------------------------------------------------------------    -------------------
    C12                                               0.000     0.000 f  rst (IN)
                         net (fo=0)                   0.000     0.000    rst
    C12                  IBUF (Prop_ibuf_I_O)         1.507     1.507 f  rst_IBUF_inst/O
                         net (fo=4, routed)           2.663     4.170    i2c_master_inst/rst_IBUF
    SLICE_X6Y100         LUT1 (Prop_lut1_I0_O)        0.150     4.320 r  i2c_master_inst/FSM_sequential_state_reg[3]_i_2/O
                         net (fo=30, routed)          1.395     5.714    spi_slave_inst/SR[0]
    SLICE_X1Y89          FDRE                                         r  spi_slave_inst/MISO_reg/R
  -------------------------------------------------------------------    -------------------

                         (clock sys_clk_pin rise edge)
                                                      0.000     0.000 r  
    E3                                                0.000     0.000 r  CLK100MHZ (IN)
                         net (fo=0)                   0.000     0.000    CLK100MHZ
    E3                   IBUF (Prop_ibuf_I_O)         1.411     1.411 r  CLK100MHZ_IBUF_inst/O
                         net (fo=1, routed)           1.920     3.331    CLK100MHZ_IBUF
    BUFGCTRL_X0Y16       BUFG (Prop_bufg_I_O)         0.091     3.422 r  CLK100MHZ_IBUF_BUFG_inst/O
                         net (fo=39, routed)          1.603     5.026    spi_slave_inst/CLK
    SLICE_X1Y89          FDRE                                         r  spi_slave_inst/MISO_reg/C

Slack:                    inf
  Source:                 cs
                            (input port)
  Destination:            spi_slave_inst/cs_n_sync_reg/D
                            (rising edge-triggered cell FDRE clocked by sys_clk_pin  {rise@0.000ns fall@5.000ns period=10.000ns})
  Path Group:             (none)
  Path Type:              Setup (Max at Slow Process Corner)
  Data Path Delay:        3.333ns  (logic 1.466ns (43.988%)  route 1.867ns (56.012%))
  Logic Levels:           1  (IBUF=1)
  Clock Path Skew:        5.026ns (DCD - SCD + CPR)
    Destination Clock Delay (DCD):    5.026ns
    Source Clock Delay      (SCD):    0.000ns
    Clock Pessimism Removal (CPR):    0.000ns
  Clock Uncertainty:      0.025ns  ((TSJ^2 + TIJ^2)^1/2 + DJ) / 2 + PE
    Total System Jitter     (TSJ):    0.050ns
    Total Input Jitter      (TIJ):    0.000ns
    Discrete Jitter          (DJ):    0.000ns
    Phase Error              (PE):    0.000ns

    Location             Delay type                Incr(ns)  Path(ns)    Netlist Resource(s)
  -------------------------------------------------------------------    -------------------
    G17                                               0.000     0.000 r  cs (IN)
                         net (fo=0)                   0.000     0.000    cs
    G17                  IBUF (Prop_ibuf_I_O)         1.466     1.466 r  cs_IBUF_inst/O
                         net (fo=1, routed)           1.867     3.333    spi_slave_inst/cs_IBUF
    SLICE_X1Y90          FDRE                                         r  spi_slave_inst/cs_n_sync_reg/D
  -------------------------------------------------------------------    -------------------

                         (clock sys_clk_pin rise edge)
                                                      0.000     0.000 r  
    E3                                                0.000     0.000 r  CLK100MHZ (IN)
                         net (fo=0)                   0.000     0.000    CLK100MHZ
    E3                   IBUF (Prop_ibuf_I_O)         1.411     1.411 r  CLK100MHZ_IBUF_inst/O
                         net (fo=1, routed)           1.920     3.331    CLK100MHZ_IBUF
    BUFGCTRL_X0Y16       BUFG (Prop_bufg_I_O)         0.091     3.422 r  CLK100MHZ_IBUF_BUFG_inst/O
                         net (fo=39, routed)          1.603     5.026    spi_slave_inst/CLK
    SLICE_X1Y90          FDRE                                         r  spi_slave_inst/cs_n_sync_reg/C





Min Delay Paths
--------------------------------------------------------------------------------------
Slack:                    inf
  Source:                 i2c_master_inst/tMSB_reg[6]/C
                            (rising edge-triggered cell FDRE)
  Destination:            spi_slave_inst/MISO_reg/D
                            (rising edge-triggered cell FDRE clocked by sys_clk_pin  {rise@0.000ns fall@5.000ns period=10.000ns})
  Path Group:             (none)
  Path Type:              Hold (Min at Fast Process Corner)
  Data Path Delay:        0.500ns  (logic 0.186ns (37.206%)  route 0.314ns (62.794%))
  Logic Levels:           2  (FDRE=1 LUT3=1)
  Clock Uncertainty:      0.025ns  ((TSJ^2 + TIJ^2)^1/2 + DJ) / 2 + PE
    Total System Jitter     (TSJ):    0.050ns
    Total Input Jitter      (TIJ):    0.000ns
    Discrete Jitter          (DJ):    0.000ns
    Phase Error              (PE):    0.000ns

    Location             Delay type                Incr(ns)  Path(ns)    Netlist Resource(s)
  -------------------------------------------------------------------    -------------------
    SLICE_X1Y99          FDRE                         0.000     0.000 r  i2c_master_inst/tMSB_reg[6]/C
    SLICE_X1Y99          FDRE (Prop_fdre_C_Q)         0.141     0.141 r  i2c_master_inst/tMSB_reg[6]/Q
                         net (fo=9, routed)           0.314     0.455    spi_slave_inst/LED_OBUF[7]
    SLICE_X1Y89          LUT3 (Prop_lut3_I0_O)        0.045     0.500 r  spi_slave_inst/MISO_i_2/O
                         net (fo=1, routed)           0.000     0.500    spi_slave_inst/MISO_i_2_n_0
    SLICE_X1Y89          FDRE                                         r  spi_slave_inst/MISO_reg/D
  -------------------------------------------------------------------    -------------------

                         (clock sys_clk_pin rise edge)
                                                      0.000     0.000 r  
    E3                                                0.000     0.000 r  CLK100MHZ (IN)
                         net (fo=0)                   0.000     0.000    CLK100MHZ
    E3                   IBUF (Prop_ibuf_I_O)         0.438     0.438 r  CLK100MHZ_IBUF_inst/O
                         net (fo=1, routed)           0.699     1.136    CLK100MHZ_IBUF
    BUFGCTRL_X0Y16       BUFG (Prop_bufg_I_O)         0.029     1.165 r  CLK100MHZ_IBUF_BUFG_inst/O
                         net (fo=39, routed)          0.875     2.040    spi_slave_inst/CLK
    SLICE_X1Y89          FDRE                                         r  spi_slave_inst/MISO_reg/C

Slack:                    inf
  Source:                 i2c_master_inst/tMSB_reg[0]/C
                            (rising edge-triggered cell FDRE)
  Destination:            spi_slave_inst/shift_register_reg[1]/D
                            (rising edge-triggered cell FDRE clocked by sys_clk_pin  {rise@0.000ns fall@5.000ns period=10.000ns})
  Path Group:             (none)
  Path Type:              Hold (Min at Fast Process Corner)
  Data Path Delay:        0.555ns  (logic 0.189ns (34.033%)  route 0.366ns (65.967%))
  Logic Levels:           2  (FDRE=1 LUT3=1)
  Clock Uncertainty:      0.025ns  ((TSJ^2 + TIJ^2)^1/2 + DJ) / 2 + PE
    Total System Jitter     (TSJ):    0.050ns
    Total Input Jitter      (TIJ):    0.000ns
    Discrete Jitter          (DJ):    0.000ns
    Phase Error              (PE):    0.000ns

    Location             Delay type                Incr(ns)  Path(ns)    Netlist Resource(s)
  -------------------------------------------------------------------    -------------------
    SLICE_X0Y100         FDRE                         0.000     0.000 r  i2c_master_inst/tMSB_reg[0]/C
    SLICE_X0Y100         FDRE (Prop_fdre_C_Q)         0.141     0.141 r  i2c_master_inst/tMSB_reg[0]/Q
                         net (fo=7, routed)           0.366     0.507    spi_slave_inst/LED_OBUF[1]
    SLICE_X0Y89          LUT3 (Prop_lut3_I0_O)        0.048     0.555 r  spi_slave_inst/shift_register[1]_i_1/O
                         net (fo=1, routed)           0.000     0.555    spi_slave_inst/p_2_in[1]
    SLICE_X0Y89          FDRE                                         r  spi_slave_inst/shift_register_reg[1]/D
  -------------------------------------------------------------------    -------------------

                         (clock sys_clk_pin rise edge)
                                                      0.000     0.000 r  
    E3                                                0.000     0.000 r  CLK100MHZ (IN)
                         net (fo=0)                   0.000     0.000    CLK100MHZ
    E3                   IBUF (Prop_ibuf_I_O)         0.438     0.438 r  CLK100MHZ_IBUF_inst/O
                         net (fo=1, routed)           0.699     1.136    CLK100MHZ_IBUF
    BUFGCTRL_X0Y16       BUFG (Prop_bufg_I_O)         0.029     1.165 r  CLK100MHZ_IBUF_BUFG_inst/O
                         net (fo=39, routed)          0.875     2.040    spi_slave_inst/CLK
    SLICE_X0Y89          FDRE                                         r  spi_slave_inst/shift_register_reg[1]/C

Slack:                    inf
  Source:                 i2c_master_inst/tMSB_reg[5]/C
                            (rising edge-triggered cell FDRE)
  Destination:            spi_slave_inst/shift_register_reg[6]/D
                            (rising edge-triggered cell FDRE clocked by sys_clk_pin  {rise@0.000ns fall@5.000ns period=10.000ns})
  Path Group:             (none)
  Path Type:              Hold (Min at Fast Process Corner)
  Data Path Delay:        0.590ns  (logic 0.186ns (31.551%)  route 0.404ns (68.449%))
  Logic Levels:           2  (FDRE=1 LUT3=1)
  Clock Uncertainty:      0.025ns  ((TSJ^2 + TIJ^2)^1/2 + DJ) / 2 + PE
    Total System Jitter     (TSJ):    0.050ns
    Total Input Jitter      (TIJ):    0.000ns
    Discrete Jitter          (DJ):    0.000ns
    Phase Error              (PE):    0.000ns

    Location             Delay type                Incr(ns)  Path(ns)    Netlist Resource(s)
  -------------------------------------------------------------------    -------------------
    SLICE_X1Y99          FDRE                         0.000     0.000 r  i2c_master_inst/tMSB_reg[5]/C
    SLICE_X1Y99          FDRE (Prop_fdre_C_Q)         0.141     0.141 r  i2c_master_inst/tMSB_reg[5]/Q
                         net (fo=8, routed)           0.404     0.545    spi_slave_inst/LED_OBUF[6]
    SLICE_X0Y89          LUT3 (Prop_lut3_I0_O)        0.045     0.590 r  spi_slave_inst/shift_register[6]_i_1/O
                         net (fo=1, routed)           0.000     0.590    spi_slave_inst/p_2_in[6]
    SLICE_X0Y89          FDRE                                         r  spi_slave_inst/shift_register_reg[6]/D
  -------------------------------------------------------------------    -------------------

                         (clock sys_clk_pin rise edge)
                                                      0.000     0.000 r  
    E3                                                0.000     0.000 r  CLK100MHZ (IN)
                         net (fo=0)                   0.000     0.000    CLK100MHZ
    E3                   IBUF (Prop_ibuf_I_O)         0.438     0.438 r  CLK100MHZ_IBUF_inst/O
                         net (fo=1, routed)           0.699     1.136    CLK100MHZ_IBUF
    BUFGCTRL_X0Y16       BUFG (Prop_bufg_I_O)         0.029     1.165 r  CLK100MHZ_IBUF_BUFG_inst/O
                         net (fo=39, routed)          0.875     2.040    spi_slave_inst/CLK
    SLICE_X0Y89          FDRE                                         r  spi_slave_inst/shift_register_reg[6]/C

Slack:                    inf
  Source:                 i2c_master_inst/tMSB_reg[2]/C
                            (rising edge-triggered cell FDRE)
  Destination:            spi_slave_inst/shift_register_reg[3]/D
                            (rising edge-triggered cell FDRE clocked by sys_clk_pin  {rise@0.000ns fall@5.000ns period=10.000ns})
  Path Group:             (none)
  Path Type:              Hold (Min at Fast Process Corner)
  Data Path Delay:        0.594ns  (logic 0.184ns (30.986%)  route 0.410ns (69.014%))
  Logic Levels:           2  (FDRE=1 LUT3=1)
  Clock Uncertainty:      0.025ns  ((TSJ^2 + TIJ^2)^1/2 + DJ) / 2 + PE
    Total System Jitter     (TSJ):    0.050ns
    Total Input Jitter      (TIJ):    0.000ns
    Discrete Jitter          (DJ):    0.000ns
    Phase Error              (PE):    0.000ns

    Location             Delay type                Incr(ns)  Path(ns)    Netlist Resource(s)
  -------------------------------------------------------------------    -------------------
    SLICE_X0Y99          FDRE                         0.000     0.000 r  i2c_master_inst/tMSB_reg[2]/C
    SLICE_X0Y99          FDRE (Prop_fdre_C_Q)         0.141     0.141 r  i2c_master_inst/tMSB_reg[2]/Q
                         net (fo=10, routed)          0.410     0.551    spi_slave_inst/LED_OBUF[3]
    SLICE_X0Y89          LUT3 (Prop_lut3_I0_O)        0.043     0.594 r  spi_slave_inst/shift_register[3]_i_1/O
                         net (fo=1, routed)           0.000     0.594    spi_slave_inst/p_2_in[3]
    SLICE_X0Y89          FDRE                                         r  spi_slave_inst/shift_register_reg[3]/D
  -------------------------------------------------------------------    -------------------

                         (clock sys_clk_pin rise edge)
                                                      0.000     0.000 r  
    E3                                                0.000     0.000 r  CLK100MHZ (IN)
                         net (fo=0)                   0.000     0.000    CLK100MHZ
    E3                   IBUF (Prop_ibuf_I_O)         0.438     0.438 r  CLK100MHZ_IBUF_inst/O
                         net (fo=1, routed)           0.699     1.136    CLK100MHZ_IBUF
    BUFGCTRL_X0Y16       BUFG (Prop_bufg_I_O)         0.029     1.165 r  CLK100MHZ_IBUF_BUFG_inst/O
                         net (fo=39, routed)          0.875     2.040    spi_slave_inst/CLK
    SLICE_X0Y89          FDRE                                         r  spi_slave_inst/shift_register_reg[3]/C

Slack:                    inf
  Source:                 i2c_master_inst/tMSB_reg[6]/C
                            (rising edge-triggered cell FDRE)
  Destination:            spi_slave_inst/shift_register_reg[7]/D
                            (rising edge-triggered cell FDRE clocked by sys_clk_pin  {rise@0.000ns fall@5.000ns period=10.000ns})
  Path Group:             (none)
  Path Type:              Hold (Min at Fast Process Corner)
  Data Path Delay:        0.667ns  (logic 0.184ns (27.590%)  route 0.483ns (72.410%))
  Logic Levels:           2  (FDRE=1 LUT3=1)
  Clock Uncertainty:      0.025ns  ((TSJ^2 + TIJ^2)^1/2 + DJ) / 2 + PE
    Total System Jitter     (TSJ):    0.050ns
    Total Input Jitter      (TIJ):    0.000ns
    Discrete Jitter          (DJ):    0.000ns
    Phase Error              (PE):    0.000ns

    Location             Delay type                Incr(ns)  Path(ns)    Netlist Resource(s)
  -------------------------------------------------------------------    -------------------
    SLICE_X1Y99          FDRE                         0.000     0.000 r  i2c_master_inst/tMSB_reg[6]/C
    SLICE_X1Y99          FDRE (Prop_fdre_C_Q)         0.141     0.141 r  i2c_master_inst/tMSB_reg[6]/Q
                         net (fo=9, routed)           0.483     0.624    spi_slave_inst/LED_OBUF[7]
    SLICE_X0Y89          LUT3 (Prop_lut3_I0_O)        0.043     0.667 r  spi_slave_inst/shift_register[7]_i_2/O
                         net (fo=1, routed)           0.000     0.667    spi_slave_inst/p_2_in[7]
    SLICE_X0Y89          FDRE                                         r  spi_slave_inst/shift_register_reg[7]/D
  -------------------------------------------------------------------    -------------------

                         (clock sys_clk_pin rise edge)
                                                      0.000     0.000 r  
    E3                                                0.000     0.000 r  CLK100MHZ (IN)
                         net (fo=0)                   0.000     0.000    CLK100MHZ
    E3                   IBUF (Prop_ibuf_I_O)         0.438     0.438 r  CLK100MHZ_IBUF_inst/O
                         net (fo=1, routed)           0.699     1.136    CLK100MHZ_IBUF
    BUFGCTRL_X0Y16       BUFG (Prop_bufg_I_O)         0.029     1.165 r  CLK100MHZ_IBUF_BUFG_inst/O
                         net (fo=39, routed)          0.875     2.040    spi_slave_inst/CLK
    SLICE_X0Y89          FDRE                                         r  spi_slave_inst/shift_register_reg[7]/C

Slack:                    inf
  Source:                 i2c_master_inst/tLSB_reg[7]/C
                            (rising edge-triggered cell FDRE)
  Destination:            spi_slave_inst/shift_register_reg[0]/D
                            (rising edge-triggered cell FDRE clocked by sys_clk_pin  {rise@0.000ns fall@5.000ns period=10.000ns})
  Path Group:             (none)
  Path Type:              Hold (Min at Fast Process Corner)
  Data Path Delay:        0.676ns  (logic 0.186ns (27.512%)  route 0.490ns (72.488%))
  Logic Levels:           2  (FDRE=1 LUT2=1)
  Clock Uncertainty:      0.025ns  ((TSJ^2 + TIJ^2)^1/2 + DJ) / 2 + PE
    Total System Jitter     (TSJ):    0.050ns
    Total Input Jitter      (TIJ):    0.000ns
    Discrete Jitter          (DJ):    0.000ns
    Phase Error              (PE):    0.000ns

    Location             Delay type                Incr(ns)  Path(ns)    Netlist Resource(s)
  -------------------------------------------------------------------    -------------------
    SLICE_X5Y99          FDRE                         0.000     0.000 r  i2c_master_inst/tLSB_reg[7]/C
    SLICE_X5Y99          FDRE (Prop_fdre_C_Q)         0.141     0.141 r  i2c_master_inst/tLSB_reg[7]/Q
                         net (fo=4, routed)           0.490     0.631    spi_slave_inst/LED_OBUF[0]
    SLICE_X0Y89          LUT2 (Prop_lut2_I1_O)        0.045     0.676 r  spi_slave_inst/shift_register[0]_i_1/O
                         net (fo=1, routed)           0.000     0.676    spi_slave_inst/p_2_in[0]
    SLICE_X0Y89          FDRE                                         r  spi_slave_inst/shift_register_reg[0]/D
  -------------------------------------------------------------------    -------------------

                         (clock sys_clk_pin rise edge)
                                                      0.000     0.000 r  
    E3                                                0.000     0.000 r  CLK100MHZ (IN)
                         net (fo=0)                   0.000     0.000    CLK100MHZ
    E3                   IBUF (Prop_ibuf_I_O)         0.438     0.438 r  CLK100MHZ_IBUF_inst/O
                         net (fo=1, routed)           0.699     1.136    CLK100MHZ_IBUF
    BUFGCTRL_X0Y16       BUFG (Prop_bufg_I_O)         0.029     1.165 r  CLK100MHZ_IBUF_BUFG_inst/O
                         net (fo=39, routed)          0.875     2.040    spi_slave_inst/CLK
    SLICE_X0Y89          FDRE                                         r  spi_slave_inst/shift_register_reg[0]/C

Slack:                    inf
  Source:                 i2c_master_inst/tMSB_reg[1]/C
                            (rising edge-triggered cell FDRE)
  Destination:            spi_slave_inst/shift_register_reg[2]/D
                            (rising edge-triggered cell FDRE clocked by sys_clk_pin  {rise@0.000ns fall@5.000ns period=10.000ns})
  Path Group:             (none)
  Path Type:              Hold (Min at Fast Process Corner)
  Data Path Delay:        0.740ns  (logic 0.186ns (25.133%)  route 0.554ns (74.867%))
  Logic Levels:           2  (FDRE=1 LUT3=1)
  Clock Uncertainty:      0.025ns  ((TSJ^2 + TIJ^2)^1/2 + DJ) / 2 + PE
    Total System Jitter     (TSJ):    0.050ns
    Total Input Jitter      (TIJ):    0.000ns
    Discrete Jitter          (DJ):    0.000ns
    Phase Error              (PE):    0.000ns

    Location             Delay type                Incr(ns)  Path(ns)    Netlist Resource(s)
  -------------------------------------------------------------------    -------------------
    SLICE_X0Y101         FDRE                         0.000     0.000 r  i2c_master_inst/tMSB_reg[1]/C
    SLICE_X0Y101         FDRE (Prop_fdre_C_Q)         0.141     0.141 r  i2c_master_inst/tMSB_reg[1]/Q
                         net (fo=9, routed)           0.554     0.695    spi_slave_inst/LED_OBUF[2]
    SLICE_X0Y89          LUT3 (Prop_lut3_I0_O)        0.045     0.740 r  spi_slave_inst/shift_register[2]_i_1/O
                         net (fo=1, routed)           0.000     0.740    spi_slave_inst/p_2_in[2]
    SLICE_X0Y89          FDRE                                         r  spi_slave_inst/shift_register_reg[2]/D
  -------------------------------------------------------------------    -------------------

                         (clock sys_clk_pin rise edge)
                                                      0.000     0.000 r  
    E3                                                0.000     0.000 r  CLK100MHZ (IN)
                         net (fo=0)                   0.000     0.000    CLK100MHZ
    E3                   IBUF (Prop_ibuf_I_O)         0.438     0.438 r  CLK100MHZ_IBUF_inst/O
                         net (fo=1, routed)           0.699     1.136    CLK100MHZ_IBUF
    BUFGCTRL_X0Y16       BUFG (Prop_bufg_I_O)         0.029     1.165 r  CLK100MHZ_IBUF_BUFG_inst/O
                         net (fo=39, routed)          0.875     2.040    spi_slave_inst/CLK
    SLICE_X0Y89          FDRE                                         r  spi_slave_inst/shift_register_reg[2]/C

Slack:                    inf
  Source:                 i2c_master_inst/tMSB_reg[4]/C
                            (rising edge-triggered cell FDRE)
  Destination:            spi_slave_inst/shift_register_reg[5]/D
                            (rising edge-triggered cell FDRE clocked by sys_clk_pin  {rise@0.000ns fall@5.000ns period=10.000ns})
  Path Group:             (none)
  Path Type:              Hold (Min at Fast Process Corner)
  Data Path Delay:        0.823ns  (logic 0.185ns (22.492%)  route 0.638ns (77.508%))
  Logic Levels:           2  (FDRE=1 LUT3=1)
  Clock Uncertainty:      0.025ns  ((TSJ^2 + TIJ^2)^1/2 + DJ) / 2 + PE
    Total System Jitter     (TSJ):    0.050ns
    Total Input Jitter      (TIJ):    0.000ns
    Discrete Jitter          (DJ):    0.000ns
    Phase Error              (PE):    0.000ns

    Location             Delay type                Incr(ns)  Path(ns)    Netlist Resource(s)
  -------------------------------------------------------------------    -------------------
    SLICE_X1Y99          FDRE                         0.000     0.000 r  i2c_master_inst/tMSB_reg[4]/C
    SLICE_X1Y99          FDRE (Prop_fdre_C_Q)         0.141     0.141 r  i2c_master_inst/tMSB_reg[4]/Q
                         net (fo=8, routed)           0.638     0.779    spi_slave_inst/LED_OBUF[5]
    SLICE_X0Y89          LUT3 (Prop_lut3_I0_O)        0.044     0.823 r  spi_slave_inst/shift_register[5]_i_1/O
                         net (fo=1, routed)           0.000     0.823    spi_slave_inst/p_2_in[5]
    SLICE_X0Y89          FDRE                                         r  spi_slave_inst/shift_register_reg[5]/D
  -------------------------------------------------------------------    -------------------

                         (clock sys_clk_pin rise edge)
                                                      0.000     0.000 r  
    E3                                                0.000     0.000 r  CLK100MHZ (IN)
                         net (fo=0)                   0.000     0.000    CLK100MHZ
    E3                   IBUF (Prop_ibuf_I_O)         0.438     0.438 r  CLK100MHZ_IBUF_inst/O
                         net (fo=1, routed)           0.699     1.136    CLK100MHZ_IBUF
    BUFGCTRL_X0Y16       BUFG (Prop_bufg_I_O)         0.029     1.165 r  CLK100MHZ_IBUF_BUFG_inst/O
                         net (fo=39, routed)          0.875     2.040    spi_slave_inst/CLK
    SLICE_X0Y89          FDRE                                         r  spi_slave_inst/shift_register_reg[5]/C

Slack:                    inf
  Source:                 sclk
                            (input port)
  Destination:            spi_slave_inst/sclk_sync_reg/D
                            (rising edge-triggered cell FDRE clocked by sys_clk_pin  {rise@0.000ns fall@5.000ns period=10.000ns})
  Path Group:             (none)
  Path Type:              Hold (Min at Fast Process Corner)
  Data Path Delay:        0.877ns  (logic 0.261ns (29.721%)  route 0.617ns (70.279%))
  Logic Levels:           1  (IBUF=1)
  Clock Path Skew:        2.040ns (DCD - SCD - CPR)
    Destination Clock Delay (DCD):    2.040ns
    Source Clock Delay      (SCD):    0.000ns
    Clock Pessimism Removal (CPR):    -0.000ns

    Location             Delay type                Incr(ns)  Path(ns)    Netlist Resource(s)
  -------------------------------------------------------------------    -------------------
    E18                                               0.000     0.000 r  sclk (IN)
                         net (fo=0)                   0.000     0.000    sclk
    E18                  IBUF (Prop_ibuf_I_O)         0.261     0.261 r  sclk_IBUF_inst/O
                         net (fo=1, routed)           0.617     0.877    spi_slave_inst/sclk_IBUF
    SLICE_X2Y89          FDRE                                         r  spi_slave_inst/sclk_sync_reg/D
  -------------------------------------------------------------------    -------------------

                         (clock sys_clk_pin rise edge)
                                                      0.000     0.000 r  
    E3                                                0.000     0.000 r  CLK100MHZ (IN)
                         net (fo=0)                   0.000     0.000    CLK100MHZ
    E3                   IBUF (Prop_ibuf_I_O)         0.438     0.438 r  CLK100MHZ_IBUF_inst/O
                         net (fo=1, routed)           0.699     1.136    CLK100MHZ_IBUF
    BUFGCTRL_X0Y16       BUFG (Prop_bufg_I_O)         0.029     1.165 r  CLK100MHZ_IBUF_BUFG_inst/O
                         net (fo=39, routed)          0.875     2.040    spi_slave_inst/CLK
    SLICE_X2Y89          FDRE                                         r  spi_slave_inst/sclk_sync_reg/C

Slack:                    inf
  Source:                 i2c_master_inst/tMSB_reg[3]/C
                            (rising edge-triggered cell FDRE)
  Destination:            spi_slave_inst/shift_register_reg[4]/D
                            (rising edge-triggered cell FDRE clocked by sys_clk_pin  {rise@0.000ns fall@5.000ns period=10.000ns})
  Path Group:             (none)
  Path Type:              Hold (Min at Fast Process Corner)
  Data Path Delay:        0.958ns  (logic 0.186ns (19.416%)  route 0.772ns (80.584%))
  Logic Levels:           2  (FDRE=1 LUT3=1)
  Clock Uncertainty:      0.025ns  ((TSJ^2 + TIJ^2)^1/2 + DJ) / 2 + PE
    Total System Jitter     (TSJ):    0.050ns
    Total Input Jitter      (TIJ):    0.000ns
    Discrete Jitter          (DJ):    0.000ns
    Phase Error              (PE):    0.000ns

    Location             Delay type                Incr(ns)  Path(ns)    Netlist Resource(s)
  -------------------------------------------------------------------    -------------------
    SLICE_X0Y99          FDRE                         0.000     0.000 r  i2c_master_inst/tMSB_reg[3]/C
    SLICE_X0Y99          FDRE (Prop_fdre_C_Q)         0.141     0.141 r  i2c_master_inst/tMSB_reg[3]/Q
                         net (fo=7, routed)           0.772     0.913    spi_slave_inst/LED_OBUF[4]
    SLICE_X0Y89          LUT3 (Prop_lut3_I0_O)        0.045     0.958 r  spi_slave_inst/shift_register[4]_i_1/O
                         net (fo=1, routed)           0.000     0.958    spi_slave_inst/p_2_in[4]
    SLICE_X0Y89          FDRE                                         r  spi_slave_inst/shift_register_reg[4]/D
  -------------------------------------------------------------------    -------------------

                         (clock sys_clk_pin rise edge)
                                                      0.000     0.000 r  
    E3                                                0.000     0.000 r  CLK100MHZ (IN)
                         net (fo=0)                   0.000     0.000    CLK100MHZ
    E3                   IBUF (Prop_ibuf_I_O)         0.438     0.438 r  CLK100MHZ_IBUF_inst/O
                         net (fo=1, routed)           0.699     1.136    CLK100MHZ_IBUF
    BUFGCTRL_X0Y16       BUFG (Prop_bufg_I_O)         0.029     1.165 r  CLK100MHZ_IBUF_BUFG_inst/O
                         net (fo=39, routed)          0.875     2.040    spi_slave_inst/CLK
    SLICE_X0Y89          FDRE                                         r  spi_slave_inst/shift_register_reg[4]/C





